PatientID,AdmissionID_x,AdmissionStartDate,AdmissionEndDate,AdmissionID_y,LabName,LabValue,LabUnits,LabDateTime,PatientGender,PatientDateOfBirth,PatientRace,PatientMaritalStatus,PatientLanguage,PatientPopulationPercentageBelowPoverty
016C2A1D-2E3C-4D09-8512-246D04AE000E,1,35:35.9,07:37.1,1.0,METABOLIC: AST/SGOT,29.4,U/L,1994-02-28 16:25:07.063,Female,54:30.2,White,Married,English,11.07
016C2A1D-2E3C-4D09-8512-246D04AE000E,2,40:15.8,04:08.2,1.0,METABOLIC: AST/SGOT,29.4,U/L,1994-02-28 16:25:07.063,Female,54:30.2,White,Married,English,11.07
016C2A1D-2E3C-4D09-8512-246D04AE000E,3,22:03.7,51:10.7,1.0,METABOLIC: AST/SGOT,29.4,U/L,1994-02-28 16:25:07.063,Female,54:30.2,White,Married,English,11.07
016C2A1D-2E3C-4D09-8512-246D04AE000E,4,18:07.5,38:01.0,1.0,METABOLIC: AST/SGOT,29.4,U/L,1994-02-28 16:25:07.063,Female,54:30.2,White,Married,English,11.07
016C2A1D-2E3C-4D09-8512-246D04AE000E,5,17:21.7,51:21.1,1.0,METABOLIC: AST/SGOT,29.4,U/L,1994-02-28 16:25:07.063,Female,54:30.2,White,Married,English,11.07
