PatientID,AdmissionID_x,AdmissionStartDate,AdmissionEndDate,AdmissionID_y,LabName,LabValue,LabUnits,LabDateTime,PatientGender,PatientDateOfBirth,PatientRace,PatientMaritalStatus,PatientLanguage,PatientPopulationPercentageBelowPoverty
1AA24550-E0F0-4553-B732-089781A3D2FB,1,55:37.4,52:23.6,1.0,URINALYSIS: SPECIFIC GRAVITY,1.0,no unit,1964-08-17 03:42:44.237,Female,37:09.6,White,Married,Icelandic,16.51
1AA24550-E0F0-4553-B732-089781A3D2FB,2,44:09.4,37:30.4,1.0,URINALYSIS: SPECIFIC GRAVITY,1.0,no unit,1964-08-17 03:42:44.237,Female,37:09.6,White,Married,Icelandic,16.51
1AA24550-E0F0-4553-B732-089781A3D2FB,3,51:43.4,02:22.3,1.0,URINALYSIS: SPECIFIC GRAVITY,1.0,no unit,1964-08-17 03:42:44.237,Female,37:09.6,White,Married,Icelandic,16.51
1AA24550-E0F0-4553-B732-089781A3D2FB,4,03:03.8,44:47.9,1.0,URINALYSIS: SPECIFIC GRAVITY,1.0,no unit,1964-08-17 03:42:44.237,Female,37:09.6,White,Married,Icelandic,16.51
1AA24550-E0F0-4553-B732-089781A3D2FB,5,40:57.9,11:33.4,1.0,URINALYSIS: SPECIFIC GRAVITY,1.0,no unit,1964-08-17 03:42:44.237,Female,37:09.6,White,Married,Icelandic,16.51
1AA24550-E0F0-4553-B732-089781A3D2FB,6,29:10.7,21:04.4,1.0,URINALYSIS: SPECIFIC GRAVITY,1.0,no unit,1964-08-17 03:42:44.237,Female,37:09.6,White,Married,Icelandic,16.51
1AA24550-E0F0-4553-B732-089781A3D2FB,7,17:19.3,42:31.9,1.0,URINALYSIS: SPECIFIC GRAVITY,1.0,no unit,1964-08-17 03:42:44.237,Female,37:09.6,White,Married,Icelandic,16.51
