PatientID,AdmissionID_x,AdmissionStartDate,AdmissionEndDate,AdmissionID_y,LabName,LabValue,LabUnits,LabDateTime,PatientGender,PatientDateOfBirth,PatientRace,PatientMaritalStatus,PatientLanguage,PatientPopulationPercentageBelowPoverty
1B4F2A2F-7897-4628-B407-BD77B537522F,1,44:58.0,40:56.1,1.0,METABOLIC: CREATININE,1.0,mg/dL,1991-03-22 22:29:51.433,Female,14:44.2,White,Married,Icelandic,18.98
1B4F2A2F-7897-4628-B407-BD77B537522F,2,43:48.2,52:46.9,1.0,METABOLIC: CREATININE,1.0,mg/dL,1991-03-22 22:29:51.433,Female,14:44.2,White,Married,Icelandic,18.98
1B4F2A2F-7897-4628-B407-BD77B537522F,3,27:31.5,44:53.9,1.0,METABOLIC: CREATININE,1.0,mg/dL,1991-03-22 22:29:51.433,Female,14:44.2,White,Married,Icelandic,18.98
1B4F2A2F-7897-4628-B407-BD77B537522F,4,00:31.2,11:57.4,1.0,METABOLIC: CREATININE,1.0,mg/dL,1991-03-22 22:29:51.433,Female,14:44.2,White,Married,Icelandic,18.98
