PatientID,AdmissionID_x,AdmissionStartDate,AdmissionEndDate,AdmissionID_y,LabName,LabValue,LabUnits,LabDateTime,PatientGender,PatientDateOfBirth,PatientRace,PatientMaritalStatus,PatientLanguage,PatientPopulationPercentageBelowPoverty
1C61EBDA-0F9F-48E3-9025-FB30DF95ED82,1,17:31.0,43:29.9,1.0,CBC: ABSOLUTE NEUTROPHILS,60.7,%,1995-08-29 09:10:14.863,Female,38:30.0,African American,Single,English,11.66
1C61EBDA-0F9F-48E3-9025-FB30DF95ED82,2,31:14.7,46:26.7,1.0,CBC: ABSOLUTE NEUTROPHILS,60.7,%,1995-08-29 09:10:14.863,Female,38:30.0,African American,Single,English,11.66
1C61EBDA-0F9F-48E3-9025-FB30DF95ED82,3,10:42.8,31:34.3,1.0,CBC: ABSOLUTE NEUTROPHILS,60.7,%,1995-08-29 09:10:14.863,Female,38:30.0,African American,Single,English,11.66
1C61EBDA-0F9F-48E3-9025-FB30DF95ED82,4,24:05.3,56:33.7,1.0,CBC: ABSOLUTE NEUTROPHILS,60.7,%,1995-08-29 09:10:14.863,Female,38:30.0,African American,Single,English,11.66
1C61EBDA-0F9F-48E3-9025-FB30DF95ED82,5,48:32.7,57:01.8,1.0,CBC: ABSOLUTE NEUTROPHILS,60.7,%,1995-08-29 09:10:14.863,Female,38:30.0,African American,Single,English,11.66
