PatientID,AdmissionID_x,AdmissionStartDate,AdmissionEndDate,AdmissionID_y,LabName,LabValue,LabUnits,LabDateTime,PatientGender,PatientDateOfBirth,PatientRace,PatientMaritalStatus,PatientLanguage,PatientPopulationPercentageBelowPoverty
1DBB0402-E3D7-439F-9C17-C5C7BA4CFAEC,1,31:23.0,16:57.8,1.0,METABOLIC: SODIUM,145.1,mmol/L,1962-06-24 01:09:51.087,Male,44:51.9,White,Divorced,English,17.26
1DBB0402-E3D7-439F-9C17-C5C7BA4CFAEC,2,55:20.3,33:36.6,1.0,METABOLIC: SODIUM,145.1,mmol/L,1962-06-24 01:09:51.087,Male,44:51.9,White,Divorced,English,17.26
1DBB0402-E3D7-439F-9C17-C5C7BA4CFAEC,3,08:07.4,30:01.5,1.0,METABOLIC: SODIUM,145.1,mmol/L,1962-06-24 01:09:51.087,Male,44:51.9,White,Divorced,English,17.26
1DBB0402-E3D7-439F-9C17-C5C7BA4CFAEC,4,32:42.4,42:45.1,1.0,METABOLIC: SODIUM,145.1,mmol/L,1962-06-24 01:09:51.087,Male,44:51.9,White,Divorced,English,17.26
1DBB0402-E3D7-439F-9C17-C5C7BA4CFAEC,5,06:25.9,12:54.8,1.0,METABOLIC: SODIUM,145.1,mmol/L,1962-06-24 01:09:51.087,Male,44:51.9,White,Divorced,English,17.26
1DBB0402-E3D7-439F-9C17-C5C7BA4CFAEC,6,00:43.2,17:11.8,1.0,METABOLIC: SODIUM,145.1,mmol/L,1962-06-24 01:09:51.087,Male,44:51.9,White,Divorced,English,17.26
1DBB0402-E3D7-439F-9C17-C5C7BA4CFAEC,7,33:35.3,13:55.4,1.0,METABOLIC: SODIUM,145.1,mmol/L,1962-06-24 01:09:51.087,Male,44:51.9,White,Divorced,English,17.26
