PatientID,AdmissionID_x,AdmissionStartDate,AdmissionEndDate,AdmissionID_y,LabName,LabValue,LabUnits,LabDateTime,PatientGender,PatientDateOfBirth,PatientRace,PatientMaritalStatus,PatientLanguage,PatientPopulationPercentageBelowPoverty
1E184FB3-8D53-49DB-AC98-C2CCF265ED8C,1,18:42.8,56:38.1,1.0,CBC: RDW,9.8,%,1952-03-25 05:42:44.450,Female,50:48.9,White,Single,English,18.71
1E184FB3-8D53-49DB-AC98-C2CCF265ED8C,2,45:57.9,37:38.5,1.0,CBC: RDW,9.8,%,1952-03-25 05:42:44.450,Female,50:48.9,White,Single,English,18.71
1E184FB3-8D53-49DB-AC98-C2CCF265ED8C,3,32:00.4,03:08.2,1.0,CBC: RDW,9.8,%,1952-03-25 05:42:44.450,Female,50:48.9,White,Single,English,18.71
1E184FB3-8D53-49DB-AC98-C2CCF265ED8C,4,01:16.1,15:16.1,1.0,CBC: RDW,9.8,%,1952-03-25 05:42:44.450,Female,50:48.9,White,Single,English,18.71
