PatientID,AdmissionID_x,AdmissionStartDate,AdmissionEndDate,AdmissionID_y,LabName,LabValue,LabUnits,LabDateTime,PatientGender,PatientDateOfBirth,PatientRace,PatientMaritalStatus,PatientLanguage,PatientPopulationPercentageBelowPoverty
1E6A20BD-7188-4E0B-9193-3FB2186FC51B,1,29:39.2,56:40.9,1.0,METABOLIC: CALCIUM,8.2,mg/dL,1963-05-04 14:34:31.263,Female,03:41.2,Asian,Married,Spanish,15.37
1E6A20BD-7188-4E0B-9193-3FB2186FC51B,2,50:08.0,51:02.9,1.0,METABOLIC: CALCIUM,8.2,mg/dL,1963-05-04 14:34:31.263,Female,03:41.2,Asian,Married,Spanish,15.37
1E6A20BD-7188-4E0B-9193-3FB2186FC51B,3,40:28.4,40:26.8,1.0,METABOLIC: CALCIUM,8.2,mg/dL,1963-05-04 14:34:31.263,Female,03:41.2,Asian,Married,Spanish,15.37
1E6A20BD-7188-4E0B-9193-3FB2186FC51B,4,21:28.0,00:56.8,1.0,METABOLIC: CALCIUM,8.2,mg/dL,1963-05-04 14:34:31.263,Female,03:41.2,Asian,Married,Spanish,15.37
1E6A20BD-7188-4E0B-9193-3FB2186FC51B,5,21:11.2,52:27.8,1.0,METABOLIC: CALCIUM,8.2,mg/dL,1963-05-04 14:34:31.263,Female,03:41.2,Asian,Married,Spanish,15.37
