PatientID,AdmissionID_x,AdmissionStartDate,AdmissionEndDate,AdmissionID_y,LabName,LabValue,LabUnits,LabDateTime,PatientGender,PatientDateOfBirth,PatientRace,PatientMaritalStatus,PatientLanguage,PatientPopulationPercentageBelowPoverty
1E6C0633-74F4-430F-BBF7-CB6FAF67ED56,1,21:46.0,02:40.4,1.0,CBC: MCH,38.9,pg,1983-05-28 09:09:10.213,Male,16:45.1,White,Single,English,19.97
1E6C0633-74F4-430F-BBF7-CB6FAF67ED56,2,49:47.5,55:41.7,1.0,CBC: MCH,38.9,pg,1983-05-28 09:09:10.213,Male,16:45.1,White,Single,English,19.97
1E6C0633-74F4-430F-BBF7-CB6FAF67ED56,3,46:10.4,31:38.6,1.0,CBC: MCH,38.9,pg,1983-05-28 09:09:10.213,Male,16:45.1,White,Single,English,19.97
1E6C0633-74F4-430F-BBF7-CB6FAF67ED56,4,32:29.8,23:52.6,1.0,CBC: MCH,38.9,pg,1983-05-28 09:09:10.213,Male,16:45.1,White,Single,English,19.97
1E6C0633-74F4-430F-BBF7-CB6FAF67ED56,5,04:12.6,30:49.7,1.0,CBC: MCH,38.9,pg,1983-05-28 09:09:10.213,Male,16:45.1,White,Single,English,19.97
1E6C0633-74F4-430F-BBF7-CB6FAF67ED56,6,36:09.4,44:31.9,1.0,CBC: MCH,38.9,pg,1983-05-28 09:09:10.213,Male,16:45.1,White,Single,English,19.97
