PatientID,AdmissionID_x,AdmissionStartDate,AdmissionEndDate,AdmissionID_y,LabName,LabValue,LabUnits,LabDateTime,PatientGender,PatientDateOfBirth,PatientRace,PatientMaritalStatus,PatientLanguage,PatientPopulationPercentageBelowPoverty
1F1217F3-1558-40F8-A825-87961AE100E8,1,24:45.5,32:30.2,1.0,URINALYSIS: PH,5.1,no unit,1956-11-17 06:30:36.570,Male,28:53.6,White,Single,English,10.69
1F1217F3-1558-40F8-A825-87961AE100E8,2,39:11.8,26:01.4,1.0,URINALYSIS: PH,5.1,no unit,1956-11-17 06:30:36.570,Male,28:53.6,White,Single,English,10.69
1F1217F3-1558-40F8-A825-87961AE100E8,3,51:21.5,30:18.3,1.0,URINALYSIS: PH,5.1,no unit,1956-11-17 06:30:36.570,Male,28:53.6,White,Single,English,10.69
1F1217F3-1558-40F8-A825-87961AE100E8,4,51:32.8,14:13.6,1.0,URINALYSIS: PH,5.1,no unit,1956-11-17 06:30:36.570,Male,28:53.6,White,Single,English,10.69
