PatientID,AdmissionID_x,AdmissionStartDate,AdmissionEndDate,AdmissionID_y,LabName,LabValue,LabUnits,LabDateTime,PatientGender,PatientDateOfBirth,PatientRace,PatientMaritalStatus,PatientLanguage,PatientPopulationPercentageBelowPoverty
21FFFF01-93DE-4C5D-A9CF-B2158643A48E,1,28:51.4,55:40.0,1.0,METABOLIC: ALBUMIN,3.6,gm/dL,1989-02-15 06:06:12.370,Female,45:51.2,White,Single,Unknown,14.79
21FFFF01-93DE-4C5D-A9CF-B2158643A48E,2,24:38.6,51:08.7,1.0,METABOLIC: ALBUMIN,3.6,gm/dL,1989-02-15 06:06:12.370,Female,45:51.2,White,Single,Unknown,14.79
21FFFF01-93DE-4C5D-A9CF-B2158643A48E,3,49:35.8,12:35.6,1.0,METABOLIC: ALBUMIN,3.6,gm/dL,1989-02-15 06:06:12.370,Female,45:51.2,White,Single,Unknown,14.79
21FFFF01-93DE-4C5D-A9CF-B2158643A48E,4,45:09.6,24:19.8,1.0,METABOLIC: ALBUMIN,3.6,gm/dL,1989-02-15 06:06:12.370,Female,45:51.2,White,Single,Unknown,14.79
21FFFF01-93DE-4C5D-A9CF-B2158643A48E,5,42:07.8,06:44.6,1.0,METABOLIC: ALBUMIN,3.6,gm/dL,1989-02-15 06:06:12.370,Female,45:51.2,White,Single,Unknown,14.79
21FFFF01-93DE-4C5D-A9CF-B2158643A48E,6,10:23.3,15:26.1,1.0,METABOLIC: ALBUMIN,3.6,gm/dL,1989-02-15 06:06:12.370,Female,45:51.2,White,Single,Unknown,14.79
21FFFF01-93DE-4C5D-A9CF-B2158643A48E,7,22:14.2,47:16.7,1.0,METABOLIC: ALBUMIN,3.6,gm/dL,1989-02-15 06:06:12.370,Female,45:51.2,White,Single,Unknown,14.79
