PatientID,AdmissionID_x,AdmissionStartDate,AdmissionEndDate,AdmissionID_y,LabName,LabValue,LabUnits,LabDateTime,PatientGender,PatientDateOfBirth,PatientRace,PatientMaritalStatus,PatientLanguage,PatientPopulationPercentageBelowPoverty
22369C74-F05D-437B-BCFE-EF20C9B9EF85,1,36:26.2,58:57.2,1.0,METABOLIC: CREATININE,0.8,mg/dL,1973-08-16 08:13:30.247,Male,28:31.8,African American,Single,English,12.5
22369C74-F05D-437B-BCFE-EF20C9B9EF85,2,49:44.7,28:29.6,1.0,METABOLIC: CREATININE,0.8,mg/dL,1973-08-16 08:13:30.247,Male,28:31.8,African American,Single,English,12.5
22369C74-F05D-437B-BCFE-EF20C9B9EF85,3,49:46.9,07:06.8,1.0,METABOLIC: CREATININE,0.8,mg/dL,1973-08-16 08:13:30.247,Male,28:31.8,African American,Single,English,12.5
22369C74-F05D-437B-BCFE-EF20C9B9EF85,4,19:25.0,34:13.0,1.0,METABOLIC: CREATININE,0.8,mg/dL,1973-08-16 08:13:30.247,Male,28:31.8,African American,Single,English,12.5
