PatientID,AdmissionID_x,AdmissionStartDate,AdmissionEndDate,AdmissionID_y,LabName,LabValue,LabUnits,LabDateTime,PatientGender,PatientDateOfBirth,PatientRace,PatientMaritalStatus,PatientLanguage,PatientPopulationPercentageBelowPoverty
22A07F90-5527-4C63-9F50-E769D57F70EB,1,24:02.5,43:28.7,1.0,METABOLIC: ANION GAP,11.4,mmol/L,1982-03-19 09:33:26.460,Female,04:08.1,White,Married,Spanish,19.23
22A07F90-5527-4C63-9F50-E769D57F70EB,2,54:32.3,31:24.7,1.0,METABOLIC: ANION GAP,11.4,mmol/L,1982-03-19 09:33:26.460,Female,04:08.1,White,Married,Spanish,19.23
22A07F90-5527-4C63-9F50-E769D57F70EB,3,52:00.4,53:04.8,1.0,METABOLIC: ANION GAP,11.4,mmol/L,1982-03-19 09:33:26.460,Female,04:08.1,White,Married,Spanish,19.23
22A07F90-5527-4C63-9F50-E769D57F70EB,4,43:32.3,40:54.0,1.0,METABOLIC: ANION GAP,11.4,mmol/L,1982-03-19 09:33:26.460,Female,04:08.1,White,Married,Spanish,19.23
22A07F90-5527-4C63-9F50-E769D57F70EB,5,21:47.5,26:07.2,1.0,METABOLIC: ANION GAP,11.4,mmol/L,1982-03-19 09:33:26.460,Female,04:08.1,White,Married,Spanish,19.23
