PatientID,AdmissionID_x,AdmissionStartDate,AdmissionEndDate,AdmissionID_y,LabName,LabValue,LabUnits,LabDateTime,PatientGender,PatientDateOfBirth,PatientRace,PatientMaritalStatus,PatientLanguage,PatientPopulationPercentageBelowPoverty
22D47728-7141-4476-A46D-F1B44A55D1CF,1,18:05.5,07:32.8,1.0,CBC: WHITE BLOOD CELL COUNT,9.9,k/cumm,1951-09-30 07:55:00.060,Female,25:00.2,Asian,Married,English,17.19
22D47728-7141-4476-A46D-F1B44A55D1CF,2,53:16.1,49:15.2,1.0,CBC: WHITE BLOOD CELL COUNT,9.9,k/cumm,1951-09-30 07:55:00.060,Female,25:00.2,Asian,Married,English,17.19
22D47728-7141-4476-A46D-F1B44A55D1CF,3,54:25.2,30:25.0,1.0,CBC: WHITE BLOOD CELL COUNT,9.9,k/cumm,1951-09-30 07:55:00.060,Female,25:00.2,Asian,Married,English,17.19
22D47728-7141-4476-A46D-F1B44A55D1CF,4,06:38.3,12:40.2,1.0,CBC: WHITE BLOOD CELL COUNT,9.9,k/cumm,1951-09-30 07:55:00.060,Female,25:00.2,Asian,Married,English,17.19
22D47728-7141-4476-A46D-F1B44A55D1CF,5,15:42.0,11:00.6,1.0,CBC: WHITE BLOOD CELL COUNT,9.9,k/cumm,1951-09-30 07:55:00.060,Female,25:00.2,Asian,Married,English,17.19
22D47728-7141-4476-A46D-F1B44A55D1CF,6,21:08.7,20:25.4,1.0,CBC: WHITE BLOOD CELL COUNT,9.9,k/cumm,1951-09-30 07:55:00.060,Female,25:00.2,Asian,Married,English,17.19
