PatientID,AdmissionID_x,AdmissionStartDate,AdmissionEndDate,AdmissionID_y,LabName,LabValue,LabUnits,LabDateTime,PatientGender,PatientDateOfBirth,PatientRace,PatientMaritalStatus,PatientLanguage,PatientPopulationPercentageBelowPoverty
248BD5C5-3849-4458-B8F9-70B81941B37F,1,38:36.0,29:48.2,1.0,METABOLIC: CHLORIDE,114.7,mmol/L,1985-10-27 15:55:26.147,Male,33:20.1,Asian,Married,English,15.87
248BD5C5-3849-4458-B8F9-70B81941B37F,2,21:15.7,01:20.6,1.0,METABOLIC: CHLORIDE,114.7,mmol/L,1985-10-27 15:55:26.147,Male,33:20.1,Asian,Married,English,15.87
248BD5C5-3849-4458-B8F9-70B81941B37F,3,10:39.3,34:10.6,1.0,METABOLIC: CHLORIDE,114.7,mmol/L,1985-10-27 15:55:26.147,Male,33:20.1,Asian,Married,English,15.87
248BD5C5-3849-4458-B8F9-70B81941B37F,4,09:48.1,49:27.3,1.0,METABOLIC: CHLORIDE,114.7,mmol/L,1985-10-27 15:55:26.147,Male,33:20.1,Asian,Married,English,15.87
248BD5C5-3849-4458-B8F9-70B81941B37F,5,57:46.5,00:09.4,1.0,METABOLIC: CHLORIDE,114.7,mmol/L,1985-10-27 15:55:26.147,Male,33:20.1,Asian,Married,English,15.87
