PatientID,AdmissionID_x,AdmissionStartDate,AdmissionEndDate,AdmissionID_y,LabName,LabValue,LabUnits,LabDateTime,PatientGender,PatientDateOfBirth,PatientRace,PatientMaritalStatus,PatientLanguage,PatientPopulationPercentageBelowPoverty
03616046-44DA-47CB-A588-CE14C6276957,1,17:18.6,20:31.1,1.0,URINALYSIS: WHITE BLOOD CELLS,3.4,wbc/hpf,1947-09-09 06:11:02.430,Male,10:20.6,Asian,Single,English,11.43
03616046-44DA-47CB-A588-CE14C6276957,2,11:51.5,11:31.8,1.0,URINALYSIS: WHITE BLOOD CELLS,3.4,wbc/hpf,1947-09-09 06:11:02.430,Male,10:20.6,Asian,Single,English,11.43
03616046-44DA-47CB-A588-CE14C6276957,3,15:58.7,46:33.6,1.0,URINALYSIS: WHITE BLOOD CELLS,3.4,wbc/hpf,1947-09-09 06:11:02.430,Male,10:20.6,Asian,Single,English,11.43
03616046-44DA-47CB-A588-CE14C6276957,4,03:27.8,57:48.5,1.0,URINALYSIS: WHITE BLOOD CELLS,3.4,wbc/hpf,1947-09-09 06:11:02.430,Male,10:20.6,Asian,Single,English,11.43
