PatientID,AdmissionID_x,AdmissionStartDate,AdmissionEndDate,AdmissionID_y,LabName,LabValue,LabUnits,LabDateTime,PatientGender,PatientDateOfBirth,PatientRace,PatientMaritalStatus,PatientLanguage,PatientPopulationPercentageBelowPoverty
26D1B7C7-EAD5-4456-AFE4-FA02D3A4C8E7,1,04:26.3,24:56.4,1.0,METABOLIC: CHLORIDE,96.9,mmol/L,1967-02-09 20:07:21.627,Female,35:03.5,African American,Married,Icelandic,96.65
26D1B7C7-EAD5-4456-AFE4-FA02D3A4C8E7,2,58:27.7,19:37.9,1.0,METABOLIC: CHLORIDE,96.9,mmol/L,1967-02-09 20:07:21.627,Female,35:03.5,African American,Married,Icelandic,96.65
26D1B7C7-EAD5-4456-AFE4-FA02D3A4C8E7,3,42:48.6,56:37.0,1.0,METABOLIC: CHLORIDE,96.9,mmol/L,1967-02-09 20:07:21.627,Female,35:03.5,African American,Married,Icelandic,96.65
26D1B7C7-EAD5-4456-AFE4-FA02D3A4C8E7,4,59:40.6,24:57.5,1.0,METABOLIC: CHLORIDE,96.9,mmol/L,1967-02-09 20:07:21.627,Female,35:03.5,African American,Married,Icelandic,96.65
26D1B7C7-EAD5-4456-AFE4-FA02D3A4C8E7,5,11:42.9,50:19.9,1.0,METABOLIC: CHLORIDE,96.9,mmol/L,1967-02-09 20:07:21.627,Female,35:03.5,African American,Married,Icelandic,96.65
