PatientID,AdmissionID_x,AdmissionStartDate,AdmissionEndDate,AdmissionID_y,LabName,LabValue,LabUnits,LabDateTime,PatientGender,PatientDateOfBirth,PatientRace,PatientMaritalStatus,PatientLanguage,PatientPopulationPercentageBelowPoverty
270DE6E6-962A-4CFB-8BC0-350079AE1DA1,1,05:16.0,48:46.3,1.0,METABOLIC: BILI TOTAL,0.4,mg/dL,1950-01-31 17:59:05.787,Female,43:37.4,African American,Married,English,14.01
270DE6E6-962A-4CFB-8BC0-350079AE1DA1,2,22:37.7,06:27.9,1.0,METABOLIC: BILI TOTAL,0.4,mg/dL,1950-01-31 17:59:05.787,Female,43:37.4,African American,Married,English,14.01
270DE6E6-962A-4CFB-8BC0-350079AE1DA1,3,33:09.0,01:34.4,1.0,METABOLIC: BILI TOTAL,0.4,mg/dL,1950-01-31 17:59:05.787,Female,43:37.4,African American,Married,English,14.01
270DE6E6-962A-4CFB-8BC0-350079AE1DA1,4,28:31.2,13:10.0,1.0,METABOLIC: BILI TOTAL,0.4,mg/dL,1950-01-31 17:59:05.787,Female,43:37.4,African American,Married,English,14.01
