PatientID,AdmissionID_x,AdmissionStartDate,AdmissionEndDate,AdmissionID_y,LabName,LabValue,LabUnits,LabDateTime,PatientGender,PatientDateOfBirth,PatientRace,PatientMaritalStatus,PatientLanguage,PatientPopulationPercentageBelowPoverty
273E203D-BA61-4A88-A495-05773EE98587,1,54:46.0,39:59.6,1.0,METABOLIC: TOTAL PROTEIN,8.8,gm/dL,1984-09-26 03:27:11.767,Female,09:41.8,Asian,Married,Spanish,19.53
273E203D-BA61-4A88-A495-05773EE98587,2,13:33.2,53:27.0,1.0,METABOLIC: TOTAL PROTEIN,8.8,gm/dL,1984-09-26 03:27:11.767,Female,09:41.8,Asian,Married,Spanish,19.53
273E203D-BA61-4A88-A495-05773EE98587,3,30:37.3,18:19.6,1.0,METABOLIC: TOTAL PROTEIN,8.8,gm/dL,1984-09-26 03:27:11.767,Female,09:41.8,Asian,Married,Spanish,19.53
273E203D-BA61-4A88-A495-05773EE98587,4,03:52.9,30:49.1,1.0,METABOLIC: TOTAL PROTEIN,8.8,gm/dL,1984-09-26 03:27:11.767,Female,09:41.8,Asian,Married,Spanish,19.53
273E203D-BA61-4A88-A495-05773EE98587,5,03:52.5,15:50.2,1.0,METABOLIC: TOTAL PROTEIN,8.8,gm/dL,1984-09-26 03:27:11.767,Female,09:41.8,Asian,Married,Spanish,19.53
273E203D-BA61-4A88-A495-05773EE98587,6,04:41.8,29:41.3,1.0,METABOLIC: TOTAL PROTEIN,8.8,gm/dL,1984-09-26 03:27:11.767,Female,09:41.8,Asian,Married,Spanish,19.53
