PatientID,AdmissionID_x,AdmissionStartDate,AdmissionEndDate,AdmissionID_y,LabName,LabValue,LabUnits,LabDateTime,PatientGender,PatientDateOfBirth,PatientRace,PatientMaritalStatus,PatientLanguage,PatientPopulationPercentageBelowPoverty
03ACF42C-3E9B-4462-A7D9-492EFEC45A11,1,30:07.6,08:20.6,1.0,CBC: LYMPHOCYTES,3.5,k/cumm,1971-02-21 10:46:02.563,Female,58:00.4,White,Married,English,11.4
03ACF42C-3E9B-4462-A7D9-492EFEC45A11,2,39:27.3,04:50.5,1.0,CBC: LYMPHOCYTES,3.5,k/cumm,1971-02-21 10:46:02.563,Female,58:00.4,White,Married,English,11.4
03ACF42C-3E9B-4462-A7D9-492EFEC45A11,3,35:07.4,10:03.7,1.0,CBC: LYMPHOCYTES,3.5,k/cumm,1971-02-21 10:46:02.563,Female,58:00.4,White,Married,English,11.4
03ACF42C-3E9B-4462-A7D9-492EFEC45A11,4,53:09.6,57:54.4,1.0,CBC: LYMPHOCYTES,3.5,k/cumm,1971-02-21 10:46:02.563,Female,58:00.4,White,Married,English,11.4
03ACF42C-3E9B-4462-A7D9-492EFEC45A11,5,38:24.8,59:19.5,1.0,CBC: LYMPHOCYTES,3.5,k/cumm,1971-02-21 10:46:02.563,Female,58:00.4,White,Married,English,11.4
