PatientID,AdmissionID_x,AdmissionStartDate,AdmissionEndDate,AdmissionID_y,LabName,LabValue,LabUnits,LabDateTime,PatientGender,PatientDateOfBirth,PatientRace,PatientMaritalStatus,PatientLanguage,PatientPopulationPercentageBelowPoverty
278DBCDB-2FEE-4AA2-98C5-D061E6548581,1,53:33.4,46:22.0,1.0,CBC: ABSOLUTE NEUTROPHILS,74.6,%,1991-02-28 16:09:25.450,Male,06:14.5,White,Separated,English,15.46
278DBCDB-2FEE-4AA2-98C5-D061E6548581,2,37:36.8,25:12.1,1.0,CBC: ABSOLUTE NEUTROPHILS,74.6,%,1991-02-28 16:09:25.450,Male,06:14.5,White,Separated,English,15.46
278DBCDB-2FEE-4AA2-98C5-D061E6548581,3,12:23.0,42:31.1,1.0,CBC: ABSOLUTE NEUTROPHILS,74.6,%,1991-02-28 16:09:25.450,Male,06:14.5,White,Separated,English,15.46
278DBCDB-2FEE-4AA2-98C5-D061E6548581,4,32:01.0,53:20.2,1.0,CBC: ABSOLUTE NEUTROPHILS,74.6,%,1991-02-28 16:09:25.450,Male,06:14.5,White,Separated,English,15.46
278DBCDB-2FEE-4AA2-98C5-D061E6548581,5,45:38.0,37:28.0,1.0,CBC: ABSOLUTE NEUTROPHILS,74.6,%,1991-02-28 16:09:25.450,Male,06:14.5,White,Separated,English,15.46
