PatientID,AdmissionID_x,AdmissionStartDate,AdmissionEndDate,AdmissionID_y,LabName,LabValue,LabUnits,LabDateTime,PatientGender,PatientDateOfBirth,PatientRace,PatientMaritalStatus,PatientLanguage,PatientPopulationPercentageBelowPoverty
2855BC64-3A17-4621-B71F-DF77DC547770,1,50:20.5,51:22.8,1.0,CBC: BASOPHILS,0.1,k/cumm,1982-06-22 06:29:55.117,Female,05:41.8,White,Married,English,17.75
2855BC64-3A17-4621-B71F-DF77DC547770,2,46:16.4,29:51.8,1.0,CBC: BASOPHILS,0.1,k/cumm,1982-06-22 06:29:55.117,Female,05:41.8,White,Married,English,17.75
2855BC64-3A17-4621-B71F-DF77DC547770,3,41:48.8,53:41.1,1.0,CBC: BASOPHILS,0.1,k/cumm,1982-06-22 06:29:55.117,Female,05:41.8,White,Married,English,17.75
2855BC64-3A17-4621-B71F-DF77DC547770,4,18:04.6,48:15.2,1.0,CBC: BASOPHILS,0.1,k/cumm,1982-06-22 06:29:55.117,Female,05:41.8,White,Married,English,17.75
