PatientID,AdmissionID_x,AdmissionStartDate,AdmissionEndDate,AdmissionID_y,LabName,LabValue,LabUnits,LabDateTime,PatientGender,PatientDateOfBirth,PatientRace,PatientMaritalStatus,PatientLanguage,PatientPopulationPercentageBelowPoverty
28B6B029-D4DC-4979-8FEA-47D26DFDAC89,1,00:59.9,46:44.9,1.0,METABOLIC: CARBON DIOXIDE,25.3,mmol/L,1969-11-07 04:13:03.343,Male,07:28.9,White,Divorced,Icelandic,18.74
28B6B029-D4DC-4979-8FEA-47D26DFDAC89,2,22:08.0,23:52.9,1.0,METABOLIC: CARBON DIOXIDE,25.3,mmol/L,1969-11-07 04:13:03.343,Male,07:28.9,White,Divorced,Icelandic,18.74
28B6B029-D4DC-4979-8FEA-47D26DFDAC89,3,35:39.6,23:16.5,1.0,METABOLIC: CARBON DIOXIDE,25.3,mmol/L,1969-11-07 04:13:03.343,Male,07:28.9,White,Divorced,Icelandic,18.74
28B6B029-D4DC-4979-8FEA-47D26DFDAC89,4,51:54.3,27:05.0,1.0,METABOLIC: CARBON DIOXIDE,25.3,mmol/L,1969-11-07 04:13:03.343,Male,07:28.9,White,Divorced,Icelandic,18.74
28B6B029-D4DC-4979-8FEA-47D26DFDAC89,5,42:24.7,15:06.4,1.0,METABOLIC: CARBON DIOXIDE,25.3,mmol/L,1969-11-07 04:13:03.343,Male,07:28.9,White,Divorced,Icelandic,18.74
