PatientID,AdmissionID_x,AdmissionStartDate,AdmissionEndDate,AdmissionID_y,LabName,LabValue,LabUnits,LabDateTime,PatientGender,PatientDateOfBirth,PatientRace,PatientMaritalStatus,PatientLanguage,PatientPopulationPercentageBelowPoverty
29F3A935-98FE-4101-9B1C-5C0D5A1E5224,1,41:33.8,55:23.9,1.0,METABOLIC: CALCIUM,8.2,mg/dL,1972-03-25 13:40:03.653,Male,43:12.9,Unknown,Unknown,Spanish,13.24
29F3A935-98FE-4101-9B1C-5C0D5A1E5224,2,53:23.4,01:39.0,1.0,METABOLIC: CALCIUM,8.2,mg/dL,1972-03-25 13:40:03.653,Male,43:12.9,Unknown,Unknown,Spanish,13.24
29F3A935-98FE-4101-9B1C-5C0D5A1E5224,3,20:30.4,58:50.5,1.0,METABOLIC: CALCIUM,8.2,mg/dL,1972-03-25 13:40:03.653,Male,43:12.9,Unknown,Unknown,Spanish,13.24
29F3A935-98FE-4101-9B1C-5C0D5A1E5224,4,35:20.2,45:08.7,1.0,METABOLIC: CALCIUM,8.2,mg/dL,1972-03-25 13:40:03.653,Male,43:12.9,Unknown,Unknown,Spanish,13.24
29F3A935-98FE-4101-9B1C-5C0D5A1E5224,5,06:42.4,55:59.0,1.0,METABOLIC: CALCIUM,8.2,mg/dL,1972-03-25 13:40:03.653,Male,43:12.9,Unknown,Unknown,Spanish,13.24
29F3A935-98FE-4101-9B1C-5C0D5A1E5224,6,51:59.7,03:39.6,1.0,METABOLIC: CALCIUM,8.2,mg/dL,1972-03-25 13:40:03.653,Male,43:12.9,Unknown,Unknown,Spanish,13.24
