PatientID,AdmissionID_x,AdmissionStartDate,AdmissionEndDate,AdmissionID_y,LabName,LabValue,LabUnits,LabDateTime,PatientGender,PatientDateOfBirth,PatientRace,PatientMaritalStatus,PatientLanguage,PatientPopulationPercentageBelowPoverty
2A4EDFA1-1D4C-4E37-ABE9-1814C7496720,1,29:44.1,56:23.6,1.0,CBC: PLATELET COUNT,140.7,k/cumm,1967-07-06 04:27:40.477,Female,52:12.3,White,Single,Spanish,14.08
2A4EDFA1-1D4C-4E37-ABE9-1814C7496720,2,26:37.3,23:53.2,1.0,CBC: PLATELET COUNT,140.7,k/cumm,1967-07-06 04:27:40.477,Female,52:12.3,White,Single,Spanish,14.08
2A4EDFA1-1D4C-4E37-ABE9-1814C7496720,3,51:25.9,26:28.0,1.0,CBC: PLATELET COUNT,140.7,k/cumm,1967-07-06 04:27:40.477,Female,52:12.3,White,Single,Spanish,14.08
2A4EDFA1-1D4C-4E37-ABE9-1814C7496720,4,51:44.1,48:03.1,1.0,CBC: PLATELET COUNT,140.7,k/cumm,1967-07-06 04:27:40.477,Female,52:12.3,White,Single,Spanish,14.08
2A4EDFA1-1D4C-4E37-ABE9-1814C7496720,5,30:46.2,21:05.5,1.0,CBC: PLATELET COUNT,140.7,k/cumm,1967-07-06 04:27:40.477,Female,52:12.3,White,Single,Spanish,14.08
