PatientID,AdmissionID_x,AdmissionStartDate,AdmissionEndDate,AdmissionID_y,LabName,LabValue,LabUnits,LabDateTime,PatientGender,PatientDateOfBirth,PatientRace,PatientMaritalStatus,PatientLanguage,PatientPopulationPercentageBelowPoverty
2C5BFFF9-9A42-44D3-BDB7-1D9570B30A43,1,22:58.3,47:00.4,1.0,CBC: MCHC,39.5,g/dl,1978-11-19 12:09:21.193,Male,04:17.8,White,Married,English,13.1
2C5BFFF9-9A42-44D3-BDB7-1D9570B30A43,2,29:16.7,35:51.8,1.0,CBC: MCHC,39.5,g/dl,1978-11-19 12:09:21.193,Male,04:17.8,White,Married,English,13.1
2C5BFFF9-9A42-44D3-BDB7-1D9570B30A43,3,02:52.9,07:41.4,1.0,CBC: MCHC,39.5,g/dl,1978-11-19 12:09:21.193,Male,04:17.8,White,Married,English,13.1
2C5BFFF9-9A42-44D3-BDB7-1D9570B30A43,4,09:45.4,04:01.0,1.0,CBC: MCHC,39.5,g/dl,1978-11-19 12:09:21.193,Male,04:17.8,White,Married,English,13.1
2C5BFFF9-9A42-44D3-BDB7-1D9570B30A43,5,43:36.6,33:26.4,1.0,CBC: MCHC,39.5,g/dl,1978-11-19 12:09:21.193,Male,04:17.8,White,Married,English,13.1
2C5BFFF9-9A42-44D3-BDB7-1D9570B30A43,6,28:50.3,18:50.7,1.0,CBC: MCHC,39.5,g/dl,1978-11-19 12:09:21.193,Male,04:17.8,White,Married,English,13.1
