PatientID,AdmissionID_x,AdmissionStartDate,AdmissionEndDate,AdmissionID_y,LabName,LabValue,LabUnits,LabDateTime,PatientGender,PatientDateOfBirth,PatientRace,PatientMaritalStatus,PatientLanguage,PatientPopulationPercentageBelowPoverty
2CF0E383-8F16-4BA9-A5EF-783EA7BF3B7A,1,37:42.0,25:53.8,1.0,URINALYSIS: SPECIFIC GRAVITY,1.0,no unit,1984-04-30 20:02:36.330,Female,06:19.5,White,Single,Spanish,10.54
2CF0E383-8F16-4BA9-A5EF-783EA7BF3B7A,2,33:06.9,36:53.4,1.0,URINALYSIS: SPECIFIC GRAVITY,1.0,no unit,1984-04-30 20:02:36.330,Female,06:19.5,White,Single,Spanish,10.54
2CF0E383-8F16-4BA9-A5EF-783EA7BF3B7A,3,37:30.8,39:59.3,1.0,URINALYSIS: SPECIFIC GRAVITY,1.0,no unit,1984-04-30 20:02:36.330,Female,06:19.5,White,Single,Spanish,10.54
2CF0E383-8F16-4BA9-A5EF-783EA7BF3B7A,4,44:38.8,40:33.9,1.0,URINALYSIS: SPECIFIC GRAVITY,1.0,no unit,1984-04-30 20:02:36.330,Female,06:19.5,White,Single,Spanish,10.54
