PatientID,AdmissionID_x,AdmissionStartDate,AdmissionEndDate,AdmissionID_y,LabName,LabValue,LabUnits,LabDateTime,PatientGender,PatientDateOfBirth,PatientRace,PatientMaritalStatus,PatientLanguage,PatientPopulationPercentageBelowPoverty
2EC569DB-846A-4F2C-A59D-5A21D78B1A06,1,57:54.3,56:36.2,1.0,CBC: WHITE BLOOD CELL COUNT,4.0,k/cumm,1973-12-07 02:54:01.343,Female,12:36.4,African American,Divorced,Icelandic,15.67
2EC569DB-846A-4F2C-A59D-5A21D78B1A06,2,59:56.4,39:03.7,1.0,CBC: WHITE BLOOD CELL COUNT,4.0,k/cumm,1973-12-07 02:54:01.343,Female,12:36.4,African American,Divorced,Icelandic,15.67
2EC569DB-846A-4F2C-A59D-5A21D78B1A06,3,13:21.1,32:20.0,1.0,CBC: WHITE BLOOD CELL COUNT,4.0,k/cumm,1973-12-07 02:54:01.343,Female,12:36.4,African American,Divorced,Icelandic,15.67
2EC569DB-846A-4F2C-A59D-5A21D78B1A06,4,44:58.3,07:06.4,1.0,CBC: WHITE BLOOD CELL COUNT,4.0,k/cumm,1973-12-07 02:54:01.343,Female,12:36.4,African American,Divorced,Icelandic,15.67
2EC569DB-846A-4F2C-A59D-5A21D78B1A06,5,29:42.0,45:49.5,1.0,CBC: WHITE BLOOD CELL COUNT,4.0,k/cumm,1973-12-07 02:54:01.343,Female,12:36.4,African American,Divorced,Icelandic,15.67
