PatientID,AdmissionID_x,AdmissionStartDate,AdmissionEndDate,AdmissionID_y,LabName,LabValue,LabUnits,LabDateTime,PatientGender,PatientDateOfBirth,PatientRace,PatientMaritalStatus,PatientLanguage,PatientPopulationPercentageBelowPoverty
2F83CD74-35FE-40E5-B116-6DE234B739E4,1,33:57.8,30:35.5,1.0,METABOLIC: AST/SGOT,38.7,U/L,1979-01-13 18:27:55.487,Female,28:28.4,African American,Married,Unknown,13.5
2F83CD74-35FE-40E5-B116-6DE234B739E4,2,39:31.9,49:19.3,1.0,METABOLIC: AST/SGOT,38.7,U/L,1979-01-13 18:27:55.487,Female,28:28.4,African American,Married,Unknown,13.5
2F83CD74-35FE-40E5-B116-6DE234B739E4,3,21:22.6,49:42.6,1.0,METABOLIC: AST/SGOT,38.7,U/L,1979-01-13 18:27:55.487,Female,28:28.4,African American,Married,Unknown,13.5
2F83CD74-35FE-40E5-B116-6DE234B739E4,4,14:37.1,47:23.3,1.0,METABOLIC: AST/SGOT,38.7,U/L,1979-01-13 18:27:55.487,Female,28:28.4,African American,Married,Unknown,13.5
