PatientID,AdmissionID_x,AdmissionStartDate,AdmissionEndDate,AdmissionID_y,LabName,LabValue,LabUnits,LabDateTime,PatientGender,PatientDateOfBirth,PatientRace,PatientMaritalStatus,PatientLanguage,PatientPopulationPercentageBelowPoverty
305053EC-83C3-446D-8B52-858A1A73F2EE,1,44:03.9,02:23.3,1.0,URINALYSIS: WHITE BLOOD CELLS,3.1,wbc/hpf,1964-12-16 17:40:32.833,Male,38:29.3,White,Married,Spanish,15.02
305053EC-83C3-446D-8B52-858A1A73F2EE,2,48:59.6,30:51.7,1.0,URINALYSIS: WHITE BLOOD CELLS,3.1,wbc/hpf,1964-12-16 17:40:32.833,Male,38:29.3,White,Married,Spanish,15.02
305053EC-83C3-446D-8B52-858A1A73F2EE,3,27:04.5,23:06.1,1.0,URINALYSIS: WHITE BLOOD CELLS,3.1,wbc/hpf,1964-12-16 17:40:32.833,Male,38:29.3,White,Married,Spanish,15.02
305053EC-83C3-446D-8B52-858A1A73F2EE,4,58:21.9,06:23.6,1.0,URINALYSIS: WHITE BLOOD CELLS,3.1,wbc/hpf,1964-12-16 17:40:32.833,Male,38:29.3,White,Married,Spanish,15.02
305053EC-83C3-446D-8B52-858A1A73F2EE,5,36:09.4,38:28.8,1.0,URINALYSIS: WHITE BLOOD CELLS,3.1,wbc/hpf,1964-12-16 17:40:32.833,Male,38:29.3,White,Married,Spanish,15.02
