PatientID,AdmissionID_x,AdmissionStartDate,AdmissionEndDate,AdmissionID_y,LabName,LabValue,LabUnits,LabDateTime,PatientGender,PatientDateOfBirth,PatientRace,PatientMaritalStatus,PatientLanguage,PatientPopulationPercentageBelowPoverty
002B706A-889A-4907-A921-AE64BC1EC7F1,1,05:35.5,17:17.6,1.0,CBC: RDW,13.1,%,1943-06-14 02:40:52.713,Male,06:51.9,White,Married,English,9.34
002B706A-889A-4907-A921-AE64BC1EC7F1,2,25:36.4,42:11.1,1.0,CBC: RDW,13.1,%,1943-06-14 02:40:52.713,Male,06:51.9,White,Married,English,9.34
002B706A-889A-4907-A921-AE64BC1EC7F1,3,42:43.8,17:55.2,1.0,CBC: RDW,13.1,%,1943-06-14 02:40:52.713,Male,06:51.9,White,Married,English,9.34
002B706A-889A-4907-A921-AE64BC1EC7F1,4,43:11.0,13:47.0,1.0,CBC: RDW,13.1,%,1943-06-14 02:40:52.713,Male,06:51.9,White,Married,English,9.34
002B706A-889A-4907-A921-AE64BC1EC7F1,5,26:51.4,01:32.6,1.0,CBC: RDW,13.1,%,1943-06-14 02:40:52.713,Male,06:51.9,White,Married,English,9.34
