PatientID,AdmissionID_x,AdmissionStartDate,AdmissionEndDate,AdmissionID_y,LabName,LabValue,LabUnits,LabDateTime,PatientGender,PatientDateOfBirth,PatientRace,PatientMaritalStatus,PatientLanguage,PatientPopulationPercentageBelowPoverty
31D09FA0-183A-4B97-87DD-99E85C055FB6,1,04:48.8,44:31.5,1.0,METABOLIC: CARBON DIOXIDE,24.0,mmol/L,1965-02-15 16:38:40.220,Female,13:15.0,White,Married,Spanish,14.09
31D09FA0-183A-4B97-87DD-99E85C055FB6,2,41:57.4,38:32.4,1.0,METABOLIC: CARBON DIOXIDE,24.0,mmol/L,1965-02-15 16:38:40.220,Female,13:15.0,White,Married,Spanish,14.09
31D09FA0-183A-4B97-87DD-99E85C055FB6,3,02:39.5,02:33.6,1.0,METABOLIC: CARBON DIOXIDE,24.0,mmol/L,1965-02-15 16:38:40.220,Female,13:15.0,White,Married,Spanish,14.09
31D09FA0-183A-4B97-87DD-99E85C055FB6,4,17:39.0,30:45.4,1.0,METABOLIC: CARBON DIOXIDE,24.0,mmol/L,1965-02-15 16:38:40.220,Female,13:15.0,White,Married,Spanish,14.09
31D09FA0-183A-4B97-87DD-99E85C055FB6,5,01:42.2,26:26.9,1.0,METABOLIC: CARBON DIOXIDE,24.0,mmol/L,1965-02-15 16:38:40.220,Female,13:15.0,White,Married,Spanish,14.09
31D09FA0-183A-4B97-87DD-99E85C055FB6,6,57:16.5,34:21.5,1.0,METABOLIC: CARBON DIOXIDE,24.0,mmol/L,1965-02-15 16:38:40.220,Female,13:15.0,White,Married,Spanish,14.09
