PatientID,AdmissionID_x,AdmissionStartDate,AdmissionEndDate,AdmissionID_y,LabName,LabValue,LabUnits,LabDateTime,PatientGender,PatientDateOfBirth,PatientRace,PatientMaritalStatus,PatientLanguage,PatientPopulationPercentageBelowPoverty
325F9CB9-713F-46D4-9F74-FF185B72A538,1,39:36.6,58:32.4,1.0,METABOLIC: ALK PHOS,101.3,U/L,1984-12-16 00:45:26.507,Female,44:45.0,Asian,Married,English,18.19
325F9CB9-713F-46D4-9F74-FF185B72A538,2,40:09.5,33:52.8,1.0,METABOLIC: ALK PHOS,101.3,U/L,1984-12-16 00:45:26.507,Female,44:45.0,Asian,Married,English,18.19
325F9CB9-713F-46D4-9F74-FF185B72A538,3,28:31.4,56:33.1,1.0,METABOLIC: ALK PHOS,101.3,U/L,1984-12-16 00:45:26.507,Female,44:45.0,Asian,Married,English,18.19
325F9CB9-713F-46D4-9F74-FF185B72A538,4,15:44.6,17:06.5,1.0,METABOLIC: ALK PHOS,101.3,U/L,1984-12-16 00:45:26.507,Female,44:45.0,Asian,Married,English,18.19
