PatientID,AdmissionID_x,AdmissionStartDate,AdmissionEndDate,AdmissionID_y,LabName,LabValue,LabUnits,LabDateTime,PatientGender,PatientDateOfBirth,PatientRace,PatientMaritalStatus,PatientLanguage,PatientPopulationPercentageBelowPoverty
33394F47-617C-4382-A4E1-C35CDB5C5412,1,46:47.3,14:49.2,1.0,CBC: RED BLOOD CELL COUNT,6.4,m/cumm,1949-05-12 22:36:57.347,Male,42:36.7,Unknown,Married,English,96.89
33394F47-617C-4382-A4E1-C35CDB5C5412,2,36:49.2,14:00.9,1.0,CBC: RED BLOOD CELL COUNT,6.4,m/cumm,1949-05-12 22:36:57.347,Male,42:36.7,Unknown,Married,English,96.89
33394F47-617C-4382-A4E1-C35CDB5C5412,3,59:26.2,46:34.1,1.0,CBC: RED BLOOD CELL COUNT,6.4,m/cumm,1949-05-12 22:36:57.347,Male,42:36.7,Unknown,Married,English,96.89
33394F47-617C-4382-A4E1-C35CDB5C5412,4,13:42.0,36:01.6,1.0,CBC: RED BLOOD CELL COUNT,6.4,m/cumm,1949-05-12 22:36:57.347,Male,42:36.7,Unknown,Married,English,96.89
