PatientID,AdmissionID_x,AdmissionStartDate,AdmissionEndDate,AdmissionID_y,LabName,LabValue,LabUnits,LabDateTime,PatientGender,PatientDateOfBirth,PatientRace,PatientMaritalStatus,PatientLanguage,PatientPopulationPercentageBelowPoverty
3345E2B6-0F69-4099-8990-28F84B875C5A,1,21:05.2,42:38.2,1.0,CBC: ABSOLUTE NEUTROPHILS,76.0,%,1959-06-27 16:49:18.207,Male,05:51.6,African American,Unknown,Spanish,13.42
3345E2B6-0F69-4099-8990-28F84B875C5A,2,19:19.6,26:59.4,1.0,CBC: ABSOLUTE NEUTROPHILS,76.0,%,1959-06-27 16:49:18.207,Male,05:51.6,African American,Unknown,Spanish,13.42
3345E2B6-0F69-4099-8990-28F84B875C5A,3,30:30.2,19:52.2,1.0,CBC: ABSOLUTE NEUTROPHILS,76.0,%,1959-06-27 16:49:18.207,Male,05:51.6,African American,Unknown,Spanish,13.42
3345E2B6-0F69-4099-8990-28F84B875C5A,4,16:15.2,36:51.0,1.0,CBC: ABSOLUTE NEUTROPHILS,76.0,%,1959-06-27 16:49:18.207,Male,05:51.6,African American,Unknown,Spanish,13.42
