PatientID,AdmissionID_x,AdmissionStartDate,AdmissionEndDate,AdmissionID_y,LabName,LabValue,LabUnits,LabDateTime,PatientGender,PatientDateOfBirth,PatientRace,PatientMaritalStatus,PatientLanguage,PatientPopulationPercentageBelowPoverty
04B15818-0349-47ED-ADCE-3E6A240F799C,1,08:52.9,38:45.2,1.0,CBC: ABSOLUTE LYMPHOCYTES,28.7,%,1973-03-11 16:33:12.183,Male,07:37.5,Asian,Married,English,8.76
04B15818-0349-47ED-ADCE-3E6A240F799C,2,22:50.3,43:05.0,1.0,CBC: ABSOLUTE LYMPHOCYTES,28.7,%,1973-03-11 16:33:12.183,Male,07:37.5,Asian,Married,English,8.76
04B15818-0349-47ED-ADCE-3E6A240F799C,3,18:03.9,50:24.3,1.0,CBC: ABSOLUTE LYMPHOCYTES,28.7,%,1973-03-11 16:33:12.183,Male,07:37.5,Asian,Married,English,8.76
04B15818-0349-47ED-ADCE-3E6A240F799C,4,04:32.7,44:14.8,1.0,CBC: ABSOLUTE LYMPHOCYTES,28.7,%,1973-03-11 16:33:12.183,Male,07:37.5,Asian,Married,English,8.76
