PatientID,AdmissionID_x,AdmissionStartDate,AdmissionEndDate,AdmissionID_y,LabName,LabValue,LabUnits,LabDateTime,PatientGender,PatientDateOfBirth,PatientRace,PatientMaritalStatus,PatientLanguage,PatientPopulationPercentageBelowPoverty
34DDAB0E-3637-47ED-B199-B49AECCEA983,1,02:37.6,41:15.6,1.0,URINALYSIS: WHITE BLOOD CELLS,2.2,wbc/hpf,1992-03-07 08:37:30.100,Male,17:50.5,White,Married,English,12.77
34DDAB0E-3637-47ED-B199-B49AECCEA983,2,10:03.8,42:23.2,1.0,URINALYSIS: WHITE BLOOD CELLS,2.2,wbc/hpf,1992-03-07 08:37:30.100,Male,17:50.5,White,Married,English,12.77
34DDAB0E-3637-47ED-B199-B49AECCEA983,3,44:44.7,02:57.8,1.0,URINALYSIS: WHITE BLOOD CELLS,2.2,wbc/hpf,1992-03-07 08:37:30.100,Male,17:50.5,White,Married,English,12.77
34DDAB0E-3637-47ED-B199-B49AECCEA983,4,48:55.4,50:58.1,1.0,URINALYSIS: WHITE BLOOD CELLS,2.2,wbc/hpf,1992-03-07 08:37:30.100,Male,17:50.5,White,Married,English,12.77
34DDAB0E-3637-47ED-B199-B49AECCEA983,5,59:26.2,08:22.2,1.0,URINALYSIS: WHITE BLOOD CELLS,2.2,wbc/hpf,1992-03-07 08:37:30.100,Male,17:50.5,White,Married,English,12.77
34DDAB0E-3637-47ED-B199-B49AECCEA983,6,33:02.4,44:31.3,1.0,URINALYSIS: WHITE BLOOD CELLS,2.2,wbc/hpf,1992-03-07 08:37:30.100,Male,17:50.5,White,Married,English,12.77
34DDAB0E-3637-47ED-B199-B49AECCEA983,7,43:18.7,40:03.8,1.0,URINALYSIS: WHITE BLOOD CELLS,2.2,wbc/hpf,1992-03-07 08:37:30.100,Male,17:50.5,White,Married,English,12.77
34DDAB0E-3637-47ED-B199-B49AECCEA983,8,27:36.2,08:07.5,1.0,URINALYSIS: WHITE BLOOD CELLS,2.2,wbc/hpf,1992-03-07 08:37:30.100,Male,17:50.5,White,Married,English,12.77
