PatientID,AdmissionID_x,AdmissionStartDate,AdmissionEndDate,AdmissionID_y,LabName,LabValue,LabUnits,LabDateTime,PatientGender,PatientDateOfBirth,PatientRace,PatientMaritalStatus,PatientLanguage,PatientPopulationPercentageBelowPoverty
35847285-5E2E-4E70-B5D2-80A0235A21A8,1,06:08.8,41:55.3,1.0,CBC: HEMATOCRIT,41.0,%,1946-07-06 23:25:38.357,Male,37:26.9,Asian,Single,English,85.68
35847285-5E2E-4E70-B5D2-80A0235A21A8,2,46:10.4,44:26.1,1.0,CBC: HEMATOCRIT,41.0,%,1946-07-06 23:25:38.357,Male,37:26.9,Asian,Single,English,85.68
35847285-5E2E-4E70-B5D2-80A0235A21A8,3,50:24.1,28:32.2,1.0,CBC: HEMATOCRIT,41.0,%,1946-07-06 23:25:38.357,Male,37:26.9,Asian,Single,English,85.68
35847285-5E2E-4E70-B5D2-80A0235A21A8,4,46:30.0,09:33.0,1.0,CBC: HEMATOCRIT,41.0,%,1946-07-06 23:25:38.357,Male,37:26.9,Asian,Single,English,85.68
35847285-5E2E-4E70-B5D2-80A0235A21A8,5,21:40.2,37:09.7,1.0,CBC: HEMATOCRIT,41.0,%,1946-07-06 23:25:38.357,Male,37:26.9,Asian,Single,English,85.68
35847285-5E2E-4E70-B5D2-80A0235A21A8,6,51:04.2,04:43.4,1.0,CBC: HEMATOCRIT,41.0,%,1946-07-06 23:25:38.357,Male,37:26.9,Asian,Single,English,85.68
