PatientID,AdmissionID_x,AdmissionStartDate,AdmissionEndDate,AdmissionID_y,LabName,LabValue,LabUnits,LabDateTime,PatientGender,PatientDateOfBirth,PatientRace,PatientMaritalStatus,PatientLanguage,PatientPopulationPercentageBelowPoverty
3764BAC2-18BC-42BD-A245-7CF20F46A911,1,10:15.1,21:42.1,1.0,URINALYSIS: WHITE BLOOD CELLS,2.6,wbc/hpf,1960-11-23 03:23:52.843,Male,45:09.5,White,Single,Spanish,15.38
3764BAC2-18BC-42BD-A245-7CF20F46A911,2,52:07.9,52:27.3,1.0,URINALYSIS: WHITE BLOOD CELLS,2.6,wbc/hpf,1960-11-23 03:23:52.843,Male,45:09.5,White,Single,Spanish,15.38
3764BAC2-18BC-42BD-A245-7CF20F46A911,3,55:32.5,36:19.3,1.0,URINALYSIS: WHITE BLOOD CELLS,2.6,wbc/hpf,1960-11-23 03:23:52.843,Male,45:09.5,White,Single,Spanish,15.38
3764BAC2-18BC-42BD-A245-7CF20F46A911,4,16:55.3,54:08.4,1.0,URINALYSIS: WHITE BLOOD CELLS,2.6,wbc/hpf,1960-11-23 03:23:52.843,Male,45:09.5,White,Single,Spanish,15.38
3764BAC2-18BC-42BD-A245-7CF20F46A911,5,54:37.5,55:53.2,1.0,URINALYSIS: WHITE BLOOD CELLS,2.6,wbc/hpf,1960-11-23 03:23:52.843,Male,45:09.5,White,Single,Spanish,15.38
