PatientID,AdmissionID_x,AdmissionStartDate,AdmissionEndDate,AdmissionID_y,LabName,LabValue,LabUnits,LabDateTime,PatientGender,PatientDateOfBirth,PatientRace,PatientMaritalStatus,PatientLanguage,PatientPopulationPercentageBelowPoverty
3A9E70B7-2906-4462-B66D-58ECA140AF87,1,42:53.7,56:20.2,1.0,CBC: BASOPHILS,0.2,k/cumm,1976-05-21 14:29:58.540,Male,48:42.7,White,Married,English,4.69
3A9E70B7-2906-4462-B66D-58ECA140AF87,2,35:58.0,43:56.3,1.0,CBC: BASOPHILS,0.2,k/cumm,1976-05-21 14:29:58.540,Male,48:42.7,White,Married,English,4.69
3A9E70B7-2906-4462-B66D-58ECA140AF87,3,53:24.0,27:31.0,1.0,CBC: BASOPHILS,0.2,k/cumm,1976-05-21 14:29:58.540,Male,48:42.7,White,Married,English,4.69
3A9E70B7-2906-4462-B66D-58ECA140AF87,4,40:41.3,54:51.0,1.0,CBC: BASOPHILS,0.2,k/cumm,1976-05-21 14:29:58.540,Male,48:42.7,White,Married,English,4.69
