PatientID,AdmissionID_x,AdmissionStartDate,AdmissionEndDate,AdmissionID_y,LabName,LabValue,LabUnits,LabDateTime,PatientGender,PatientDateOfBirth,PatientRace,PatientMaritalStatus,PatientLanguage,PatientPopulationPercentageBelowPoverty
3AB8F9C4-3E7F-403E-A6C2-F703E388475B,1,46:07.9,47:26.4,1.0,CBC: MEAN CORPUSCULAR VOLUME,99.2,fl,1959-01-03 08:13:01.977,Male,47:30.9,White,Married,English,18.31
3AB8F9C4-3E7F-403E-A6C2-F703E388475B,2,48:27.7,44:07.3,1.0,CBC: MEAN CORPUSCULAR VOLUME,99.2,fl,1959-01-03 08:13:01.977,Male,47:30.9,White,Married,English,18.31
3AB8F9C4-3E7F-403E-A6C2-F703E388475B,3,41:09.7,36:35.2,1.0,CBC: MEAN CORPUSCULAR VOLUME,99.2,fl,1959-01-03 08:13:01.977,Male,47:30.9,White,Married,English,18.31
3AB8F9C4-3E7F-403E-A6C2-F703E388475B,4,20:33.3,38:19.5,1.0,CBC: MEAN CORPUSCULAR VOLUME,99.2,fl,1959-01-03 08:13:01.977,Male,47:30.9,White,Married,English,18.31
