PatientID,AdmissionID_x,AdmissionStartDate,AdmissionEndDate,AdmissionID_y,LabName,LabValue,LabUnits,LabDateTime,PatientGender,PatientDateOfBirth,PatientRace,PatientMaritalStatus,PatientLanguage,PatientPopulationPercentageBelowPoverty
3AF9E24C-7A59-4A8E-927D-7BFCC6F7E763,1,11:08.0,17:49.5,1.0,METABOLIC: GLUCOSE,124.0,mg/dL,1997-04-21 15:40:35.993,Female,47:40.6,White,Divorced,English,87.1
3AF9E24C-7A59-4A8E-927D-7BFCC6F7E763,2,56:56.6,07:02.8,1.0,METABOLIC: GLUCOSE,124.0,mg/dL,1997-04-21 15:40:35.993,Female,47:40.6,White,Divorced,English,87.1
3AF9E24C-7A59-4A8E-927D-7BFCC6F7E763,3,05:32.8,44:54.9,1.0,METABOLIC: GLUCOSE,124.0,mg/dL,1997-04-21 15:40:35.993,Female,47:40.6,White,Divorced,English,87.1
3AF9E24C-7A59-4A8E-927D-7BFCC6F7E763,4,10:09.1,56:08.3,1.0,METABOLIC: GLUCOSE,124.0,mg/dL,1997-04-21 15:40:35.993,Female,47:40.6,White,Divorced,English,87.1
3AF9E24C-7A59-4A8E-927D-7BFCC6F7E763,5,09:24.7,37:08.7,1.0,METABOLIC: GLUCOSE,124.0,mg/dL,1997-04-21 15:40:35.993,Female,47:40.6,White,Divorced,English,87.1
