PatientID,AdmissionID_x,AdmissionStartDate,AdmissionEndDate,AdmissionID_y,LabName,LabValue,LabUnits,LabDateTime,PatientGender,PatientDateOfBirth,PatientRace,PatientMaritalStatus,PatientLanguage,PatientPopulationPercentageBelowPoverty
3B0B2186-CDB8-441F-BC16-B89D69C6E437,1,23:57.8,02:56.0,1.0,CBC: NEUTROPHILS,10.4,k/cumm,1990-06-11 19:38:09.820,Female,10:43.1,White,Married,English,11.19
3B0B2186-CDB8-441F-BC16-B89D69C6E437,2,54:09.0,59:12.4,1.0,CBC: NEUTROPHILS,10.4,k/cumm,1990-06-11 19:38:09.820,Female,10:43.1,White,Married,English,11.19
3B0B2186-CDB8-441F-BC16-B89D69C6E437,3,40:16.6,59:10.9,1.0,CBC: NEUTROPHILS,10.4,k/cumm,1990-06-11 19:38:09.820,Female,10:43.1,White,Married,English,11.19
3B0B2186-CDB8-441F-BC16-B89D69C6E437,4,05:47.4,09:29.3,1.0,CBC: NEUTROPHILS,10.4,k/cumm,1990-06-11 19:38:09.820,Female,10:43.1,White,Married,English,11.19
