PatientID,AdmissionID_x,AdmissionStartDate,AdmissionEndDate,AdmissionID_y,LabName,LabValue,LabUnits,LabDateTime,PatientGender,PatientDateOfBirth,PatientRace,PatientMaritalStatus,PatientLanguage,PatientPopulationPercentageBelowPoverty
3BF4ED45-170D-416C-B49D-30D9BE0F7408,1,26:37.2,57:33.9,1.0,METABOLIC: POTASSIUM,4.8,mmol/L,1960-10-12 12:34:43.923,Female,30:50.7,Asian,Married,Unknown,8.77
3BF4ED45-170D-416C-B49D-30D9BE0F7408,2,21:31.1,43:52.8,1.0,METABOLIC: POTASSIUM,4.8,mmol/L,1960-10-12 12:34:43.923,Female,30:50.7,Asian,Married,Unknown,8.77
3BF4ED45-170D-416C-B49D-30D9BE0F7408,3,51:23.4,25:03.4,1.0,METABOLIC: POTASSIUM,4.8,mmol/L,1960-10-12 12:34:43.923,Female,30:50.7,Asian,Married,Unknown,8.77
3BF4ED45-170D-416C-B49D-30D9BE0F7408,4,48:15.5,43:02.2,1.0,METABOLIC: POTASSIUM,4.8,mmol/L,1960-10-12 12:34:43.923,Female,30:50.7,Asian,Married,Unknown,8.77
3BF4ED45-170D-416C-B49D-30D9BE0F7408,5,33:02.9,23:59.2,1.0,METABOLIC: POTASSIUM,4.8,mmol/L,1960-10-12 12:34:43.923,Female,30:50.7,Asian,Married,Unknown,8.77
