PatientID,AdmissionID_x,AdmissionStartDate,AdmissionEndDate,AdmissionID_y,LabName,LabValue,LabUnits,LabDateTime,PatientGender,PatientDateOfBirth,PatientRace,PatientMaritalStatus,PatientLanguage,PatientPopulationPercentageBelowPoverty
3C03C8EC-B162-4705-9541-BD11B18B1261,1,37:58.3,32:30.1,1.0,METABOLIC: CARBON DIOXIDE,29.6,mmol/L,1950-01-15 05:15:55.997,Male,04:50.8,African American,Married,Icelandic,11.34
3C03C8EC-B162-4705-9541-BD11B18B1261,2,15:01.9,55:01.0,1.0,METABOLIC: CARBON DIOXIDE,29.6,mmol/L,1950-01-15 05:15:55.997,Male,04:50.8,African American,Married,Icelandic,11.34
3C03C8EC-B162-4705-9541-BD11B18B1261,3,41:25.2,33:31.7,1.0,METABOLIC: CARBON DIOXIDE,29.6,mmol/L,1950-01-15 05:15:55.997,Male,04:50.8,African American,Married,Icelandic,11.34
3C03C8EC-B162-4705-9541-BD11B18B1261,4,19:09.4,41:30.9,1.0,METABOLIC: CARBON DIOXIDE,29.6,mmol/L,1950-01-15 05:15:55.997,Male,04:50.8,African American,Married,Icelandic,11.34
3C03C8EC-B162-4705-9541-BD11B18B1261,5,08:20.3,50:26.4,1.0,METABOLIC: CARBON DIOXIDE,29.6,mmol/L,1950-01-15 05:15:55.997,Male,04:50.8,African American,Married,Icelandic,11.34
