PatientID,AdmissionID_x,AdmissionStartDate,AdmissionEndDate,AdmissionID_y,LabName,LabValue,LabUnits,LabDateTime,PatientGender,PatientDateOfBirth,PatientRace,PatientMaritalStatus,PatientLanguage,PatientPopulationPercentageBelowPoverty
3C8A3D8C-A803-418C-9E48-D2526C1B0A8C,1,21:39.7,56:07.3,1.0,URINALYSIS: RED BLOOD CELLS,1.7,rbc/hpf,1950-02-22 03:11:08.833,Male,56:10.5,White,Widowed,Unknown,5.08
3C8A3D8C-A803-418C-9E48-D2526C1B0A8C,2,14:05.2,29:19.8,1.0,URINALYSIS: RED BLOOD CELLS,1.7,rbc/hpf,1950-02-22 03:11:08.833,Male,56:10.5,White,Widowed,Unknown,5.08
3C8A3D8C-A803-418C-9E48-D2526C1B0A8C,3,31:15.7,42:10.3,1.0,URINALYSIS: RED BLOOD CELLS,1.7,rbc/hpf,1950-02-22 03:11:08.833,Male,56:10.5,White,Widowed,Unknown,5.08
3C8A3D8C-A803-418C-9E48-D2526C1B0A8C,4,26:09.1,07:59.5,1.0,URINALYSIS: RED BLOOD CELLS,1.7,rbc/hpf,1950-02-22 03:11:08.833,Male,56:10.5,White,Widowed,Unknown,5.08
3C8A3D8C-A803-418C-9E48-D2526C1B0A8C,5,48:46.6,20:30.0,1.0,URINALYSIS: RED BLOOD CELLS,1.7,rbc/hpf,1950-02-22 03:11:08.833,Male,56:10.5,White,Widowed,Unknown,5.08
