PatientID,AdmissionID_x,AdmissionStartDate,AdmissionEndDate,AdmissionID_y,LabName,LabValue,LabUnits,LabDateTime,PatientGender,PatientDateOfBirth,PatientRace,PatientMaritalStatus,PatientLanguage,PatientPopulationPercentageBelowPoverty
3E23672F-E64F-4CE8-810E-77D0F92F84A2,1,46:55.8,44:42.6,1.0,CBC: ABSOLUTE NEUTROPHILS,70.5,%,1948-12-17 03:49:21.897,Female,13:03.5,White,Single,English,17.26
3E23672F-E64F-4CE8-810E-77D0F92F84A2,2,38:11.5,11:42.6,1.0,CBC: ABSOLUTE NEUTROPHILS,70.5,%,1948-12-17 03:49:21.897,Female,13:03.5,White,Single,English,17.26
3E23672F-E64F-4CE8-810E-77D0F92F84A2,3,32:09.5,52:43.5,1.0,CBC: ABSOLUTE NEUTROPHILS,70.5,%,1948-12-17 03:49:21.897,Female,13:03.5,White,Single,English,17.26
3E23672F-E64F-4CE8-810E-77D0F92F84A2,4,29:19.5,34:36.1,1.0,CBC: ABSOLUTE NEUTROPHILS,70.5,%,1948-12-17 03:49:21.897,Female,13:03.5,White,Single,English,17.26
3E23672F-E64F-4CE8-810E-77D0F92F84A2,5,45:39.3,47:14.6,1.0,CBC: ABSOLUTE NEUTROPHILS,70.5,%,1948-12-17 03:49:21.897,Female,13:03.5,White,Single,English,17.26
3E23672F-E64F-4CE8-810E-77D0F92F84A2,6,14:39.0,30:38.2,1.0,CBC: ABSOLUTE NEUTROPHILS,70.5,%,1948-12-17 03:49:21.897,Female,13:03.5,White,Single,English,17.26
3E23672F-E64F-4CE8-810E-77D0F92F84A2,7,46:05.5,48:47.4,1.0,CBC: ABSOLUTE NEUTROPHILS,70.5,%,1948-12-17 03:49:21.897,Female,13:03.5,White,Single,English,17.26
3E23672F-E64F-4CE8-810E-77D0F92F84A2,8,16:02.2,57:10.2,1.0,CBC: ABSOLUTE NEUTROPHILS,70.5,%,1948-12-17 03:49:21.897,Female,13:03.5,White,Single,English,17.26
