PatientID,AdmissionID_x,AdmissionStartDate,AdmissionEndDate,AdmissionID_y,LabName,LabValue,LabUnits,LabDateTime,PatientGender,PatientDateOfBirth,PatientRace,PatientMaritalStatus,PatientLanguage,PatientPopulationPercentageBelowPoverty
3F2B0D9E-7C42-4246-8E11-80478CC4D709,1,00:07.9,23:04.0,1.0,METABOLIC: ANION GAP,8.1,mmol/L,1995-07-16 21:49:51.260,Male,45:53.1,White,Separated,Icelandic,17.93
3F2B0D9E-7C42-4246-8E11-80478CC4D709,2,40:02.8,00:30.3,1.0,METABOLIC: ANION GAP,8.1,mmol/L,1995-07-16 21:49:51.260,Male,45:53.1,White,Separated,Icelandic,17.93
3F2B0D9E-7C42-4246-8E11-80478CC4D709,3,53:34.8,06:03.5,1.0,METABOLIC: ANION GAP,8.1,mmol/L,1995-07-16 21:49:51.260,Male,45:53.1,White,Separated,Icelandic,17.93
3F2B0D9E-7C42-4246-8E11-80478CC4D709,4,37:46.3,20:55.6,1.0,METABOLIC: ANION GAP,8.1,mmol/L,1995-07-16 21:49:51.260,Male,45:53.1,White,Separated,Icelandic,17.93
3F2B0D9E-7C42-4246-8E11-80478CC4D709,5,10:30.6,23:55.6,1.0,METABOLIC: ANION GAP,8.1,mmol/L,1995-07-16 21:49:51.260,Male,45:53.1,White,Separated,Icelandic,17.93
3F2B0D9E-7C42-4246-8E11-80478CC4D709,6,39:11.8,44:56.0,1.0,METABOLIC: ANION GAP,8.1,mmol/L,1995-07-16 21:49:51.260,Male,45:53.1,White,Separated,Icelandic,17.93
