PatientID,AdmissionID_x,AdmissionStartDate,AdmissionEndDate,AdmissionID_y,LabName,LabValue,LabUnits,LabDateTime,PatientGender,PatientDateOfBirth,PatientRace,PatientMaritalStatus,PatientLanguage,PatientPopulationPercentageBelowPoverty
3FACA154-FAAF-4A14-99F4-CF97FB038E82,1,08:52.0,14:28.8,1.0,CBC: ABSOLUTE NEUTROPHILS,66.6,%,1978-09-09 19:48:21.960,Male,36:45.9,Asian,Single,English,81.81
3FACA154-FAAF-4A14-99F4-CF97FB038E82,2,44:24.5,57:57.4,1.0,CBC: ABSOLUTE NEUTROPHILS,66.6,%,1978-09-09 19:48:21.960,Male,36:45.9,Asian,Single,English,81.81
3FACA154-FAAF-4A14-99F4-CF97FB038E82,3,21:42.2,49:53.1,1.0,CBC: ABSOLUTE NEUTROPHILS,66.6,%,1978-09-09 19:48:21.960,Male,36:45.9,Asian,Single,English,81.81
3FACA154-FAAF-4A14-99F4-CF97FB038E82,4,36:22.2,24:39.2,1.0,CBC: ABSOLUTE NEUTROPHILS,66.6,%,1978-09-09 19:48:21.960,Male,36:45.9,Asian,Single,English,81.81
