PatientID,AdmissionID_x,AdmissionStartDate,AdmissionEndDate,AdmissionID_y,LabName,LabValue,LabUnits,LabDateTime,PatientGender,PatientDateOfBirth,PatientRace,PatientMaritalStatus,PatientLanguage,PatientPopulationPercentageBelowPoverty
418985FF-14A8-4F66-99E1-C8E058D32BE6,1,06:09.6,04:11.7,1.0,CBC: MCHC,31.3,g/dl,1970-06-05 22:47:32.430,Female,57:46.4,White,Married,English,13.76
418985FF-14A8-4F66-99E1-C8E058D32BE6,2,58:26.1,24:13.0,1.0,CBC: MCHC,31.3,g/dl,1970-06-05 22:47:32.430,Female,57:46.4,White,Married,English,13.76
418985FF-14A8-4F66-99E1-C8E058D32BE6,3,19:59.8,52:22.4,1.0,CBC: MCHC,31.3,g/dl,1970-06-05 22:47:32.430,Female,57:46.4,White,Married,English,13.76
418985FF-14A8-4F66-99E1-C8E058D32BE6,4,55:01.8,40:49.6,1.0,CBC: MCHC,31.3,g/dl,1970-06-05 22:47:32.430,Female,57:46.4,White,Married,English,13.76
418985FF-14A8-4F66-99E1-C8E058D32BE6,5,02:35.2,01:56.9,1.0,CBC: MCHC,31.3,g/dl,1970-06-05 22:47:32.430,Female,57:46.4,White,Married,English,13.76
418985FF-14A8-4F66-99E1-C8E058D32BE6,6,13:59.4,03:24.7,1.0,CBC: MCHC,31.3,g/dl,1970-06-05 22:47:32.430,Female,57:46.4,White,Married,English,13.76
418985FF-14A8-4F66-99E1-C8E058D32BE6,7,41:29.6,35:24.2,1.0,CBC: MCHC,31.3,g/dl,1970-06-05 22:47:32.430,Female,57:46.4,White,Married,English,13.76
418985FF-14A8-4F66-99E1-C8E058D32BE6,8,49:13.7,14:59.8,1.0,CBC: MCHC,31.3,g/dl,1970-06-05 22:47:32.430,Female,57:46.4,White,Married,English,13.76
