PatientID,AdmissionID_x,AdmissionStartDate,AdmissionEndDate,AdmissionID_y,LabName,LabValue,LabUnits,LabDateTime,PatientGender,PatientDateOfBirth,PatientRace,PatientMaritalStatus,PatientLanguage,PatientPopulationPercentageBelowPoverty
419C6E0A-CADF-49E2-96F1-3D514AF0F3BB,1,44:42.7,07:56.2,1.0,CBC: LYMPHOCYTES,2.9,k/cumm,1972-11-25 02:31:06.000,Male,07:58.6,Asian,Married,Spanish,10.35
419C6E0A-CADF-49E2-96F1-3D514AF0F3BB,2,17:34.9,22:41.9,1.0,CBC: LYMPHOCYTES,2.9,k/cumm,1972-11-25 02:31:06.000,Male,07:58.6,Asian,Married,Spanish,10.35
419C6E0A-CADF-49E2-96F1-3D514AF0F3BB,3,17:55.9,44:50.3,1.0,CBC: LYMPHOCYTES,2.9,k/cumm,1972-11-25 02:31:06.000,Male,07:58.6,Asian,Married,Spanish,10.35
419C6E0A-CADF-49E2-96F1-3D514AF0F3BB,4,18:38.9,50:54.5,1.0,CBC: LYMPHOCYTES,2.9,k/cumm,1972-11-25 02:31:06.000,Male,07:58.6,Asian,Married,Spanish,10.35
419C6E0A-CADF-49E2-96F1-3D514AF0F3BB,5,37:10.4,47:41.2,1.0,CBC: LYMPHOCYTES,2.9,k/cumm,1972-11-25 02:31:06.000,Male,07:58.6,Asian,Married,Spanish,10.35
419C6E0A-CADF-49E2-96F1-3D514AF0F3BB,6,36:57.3,47:46.7,1.0,CBC: LYMPHOCYTES,2.9,k/cumm,1972-11-25 02:31:06.000,Male,07:58.6,Asian,Married,Spanish,10.35
419C6E0A-CADF-49E2-96F1-3D514AF0F3BB,7,16:55.1,43:23.2,1.0,CBC: LYMPHOCYTES,2.9,k/cumm,1972-11-25 02:31:06.000,Male,07:58.6,Asian,Married,Spanish,10.35
