PatientID,AdmissionID_x,AdmissionStartDate,AdmissionEndDate,AdmissionID_y,LabName,LabValue,LabUnits,LabDateTime,PatientGender,PatientDateOfBirth,PatientRace,PatientMaritalStatus,PatientLanguage,PatientPopulationPercentageBelowPoverty
437A3C30-665F-401A-BDA7-EA45092F46E9,1,29:49.0,46:23.4,1.0,METABOLIC: BILI TOTAL,0.4,mg/dL,1946-02-01 03:05:44.970,Female,27:31.1,Unknown,Separated,Unknown,12.5
437A3C30-665F-401A-BDA7-EA45092F46E9,2,31:31.1,26:05.2,1.0,METABOLIC: BILI TOTAL,0.4,mg/dL,1946-02-01 03:05:44.970,Female,27:31.1,Unknown,Separated,Unknown,12.5
437A3C30-665F-401A-BDA7-EA45092F46E9,3,22:25.5,59:32.6,1.0,METABOLIC: BILI TOTAL,0.4,mg/dL,1946-02-01 03:05:44.970,Female,27:31.1,Unknown,Separated,Unknown,12.5
437A3C30-665F-401A-BDA7-EA45092F46E9,4,07:44.7,11:22.5,1.0,METABOLIC: BILI TOTAL,0.4,mg/dL,1946-02-01 03:05:44.970,Female,27:31.1,Unknown,Separated,Unknown,12.5
437A3C30-665F-401A-BDA7-EA45092F46E9,5,55:22.7,41:49.1,1.0,METABOLIC: BILI TOTAL,0.4,mg/dL,1946-02-01 03:05:44.970,Female,27:31.1,Unknown,Separated,Unknown,12.5
