PatientID,AdmissionID_x,AdmissionStartDate,AdmissionEndDate,AdmissionID_y,LabName,LabValue,LabUnits,LabDateTime,PatientGender,PatientDateOfBirth,PatientRace,PatientMaritalStatus,PatientLanguage,PatientPopulationPercentageBelowPoverty
44AAF2D7-47A0-4848-B6CB-4DA494B4EC90,1,38:04.0,48:04.5,1.0,CBC: BASOPHILS,0.1,k/cumm,1952-03-18 11:02:09.897,Female,55:17.5,White,Married,Spanish,19.8
44AAF2D7-47A0-4848-B6CB-4DA494B4EC90,2,08:52.9,08:52.4,1.0,CBC: BASOPHILS,0.1,k/cumm,1952-03-18 11:02:09.897,Female,55:17.5,White,Married,Spanish,19.8
44AAF2D7-47A0-4848-B6CB-4DA494B4EC90,3,12:50.4,17:23.7,1.0,CBC: BASOPHILS,0.1,k/cumm,1952-03-18 11:02:09.897,Female,55:17.5,White,Married,Spanish,19.8
44AAF2D7-47A0-4848-B6CB-4DA494B4EC90,4,53:58.1,41:38.3,1.0,CBC: BASOPHILS,0.1,k/cumm,1952-03-18 11:02:09.897,Female,55:17.5,White,Married,Spanish,19.8
