PatientID,AdmissionID_x,AdmissionStartDate,AdmissionEndDate,AdmissionID_y,LabName,LabValue,LabUnits,LabDateTime,PatientGender,PatientDateOfBirth,PatientRace,PatientMaritalStatus,PatientLanguage,PatientPopulationPercentageBelowPoverty
44B99F60-A605-4B8B-8D02-6D95DFFD2DED,1,33:27.9,09:15.6,1.0,METABOLIC: ANION GAP,4.4,mmol/L,1985-10-02 23:57:07.430,Female,36:25.3,White,Single,English,12.33
44B99F60-A605-4B8B-8D02-6D95DFFD2DED,2,05:15.8,59:01.3,1.0,METABOLIC: ANION GAP,4.4,mmol/L,1985-10-02 23:57:07.430,Female,36:25.3,White,Single,English,12.33
44B99F60-A605-4B8B-8D02-6D95DFFD2DED,3,37:46.2,08:47.0,1.0,METABOLIC: ANION GAP,4.4,mmol/L,1985-10-02 23:57:07.430,Female,36:25.3,White,Single,English,12.33
44B99F60-A605-4B8B-8D02-6D95DFFD2DED,4,49:38.6,51:13.3,1.0,METABOLIC: ANION GAP,4.4,mmol/L,1985-10-02 23:57:07.430,Female,36:25.3,White,Single,English,12.33
