PatientID,AdmissionID_x,AdmissionStartDate,AdmissionEndDate,AdmissionID_y,LabName,LabValue,LabUnits,LabDateTime,PatientGender,PatientDateOfBirth,PatientRace,PatientMaritalStatus,PatientLanguage,PatientPopulationPercentageBelowPoverty
4569C940-218A-4947-A738-E02238D545F0,1,18:22.2,34:02.3,1.0,URINALYSIS: RED BLOOD CELLS,1.5,rbc/hpf,1982-07-11 19:53:23.580,Female,34:17.0,White,Married,English,14.2
4569C940-218A-4947-A738-E02238D545F0,2,13:54.8,29:40.1,1.0,URINALYSIS: RED BLOOD CELLS,1.5,rbc/hpf,1982-07-11 19:53:23.580,Female,34:17.0,White,Married,English,14.2
4569C940-218A-4947-A738-E02238D545F0,3,37:46.0,30:10.4,1.0,URINALYSIS: RED BLOOD CELLS,1.5,rbc/hpf,1982-07-11 19:53:23.580,Female,34:17.0,White,Married,English,14.2
4569C940-218A-4947-A738-E02238D545F0,4,23:44.3,06:51.3,1.0,URINALYSIS: RED BLOOD CELLS,1.5,rbc/hpf,1982-07-11 19:53:23.580,Female,34:17.0,White,Married,English,14.2
4569C940-218A-4947-A738-E02238D545F0,5,17:11.3,20:18.3,1.0,URINALYSIS: RED BLOOD CELLS,1.5,rbc/hpf,1982-07-11 19:53:23.580,Female,34:17.0,White,Married,English,14.2
