PatientID,AdmissionID_x,AdmissionStartDate,AdmissionEndDate,AdmissionID_y,LabName,LabValue,LabUnits,LabDateTime,PatientGender,PatientDateOfBirth,PatientRace,PatientMaritalStatus,PatientLanguage,PatientPopulationPercentageBelowPoverty
45B7CF78-8ADF-4F45-A06A-07A35EB38023,1,53:43.7,34:17.6,1.0,CBC: ABSOLUTE NEUTROPHILS,78.4,%,1971-01-21 17:24:55.477,Female,02:46.1,Asian,Divorced,Icelandic,17.52
45B7CF78-8ADF-4F45-A06A-07A35EB38023,2,03:37.1,15:03.7,1.0,CBC: ABSOLUTE NEUTROPHILS,78.4,%,1971-01-21 17:24:55.477,Female,02:46.1,Asian,Divorced,Icelandic,17.52
45B7CF78-8ADF-4F45-A06A-07A35EB38023,3,00:32.2,31:58.6,1.0,CBC: ABSOLUTE NEUTROPHILS,78.4,%,1971-01-21 17:24:55.477,Female,02:46.1,Asian,Divorced,Icelandic,17.52
45B7CF78-8ADF-4F45-A06A-07A35EB38023,4,07:50.2,38:01.4,1.0,CBC: ABSOLUTE NEUTROPHILS,78.4,%,1971-01-21 17:24:55.477,Female,02:46.1,Asian,Divorced,Icelandic,17.52
45B7CF78-8ADF-4F45-A06A-07A35EB38023,5,30:53.2,57:18.0,1.0,CBC: ABSOLUTE NEUTROPHILS,78.4,%,1971-01-21 17:24:55.477,Female,02:46.1,Asian,Divorced,Icelandic,17.52
