PatientID,AdmissionID_x,AdmissionStartDate,AdmissionEndDate,AdmissionID_y,LabName,LabValue,LabUnits,LabDateTime,PatientGender,PatientDateOfBirth,PatientRace,PatientMaritalStatus,PatientLanguage,PatientPopulationPercentageBelowPoverty
46B0C636-50DC-4CDF-B622-C1AD581866CB,1,10:38.3,53:35.1,1.0,CBC: MCHC,30.5,g/dl,1981-05-25 18:00:39.880,Female,31:11.7,White,Divorced,English,0.62
46B0C636-50DC-4CDF-B622-C1AD581866CB,2,17:31.4,23:33.5,1.0,CBC: MCHC,30.5,g/dl,1981-05-25 18:00:39.880,Female,31:11.7,White,Divorced,English,0.62
46B0C636-50DC-4CDF-B622-C1AD581866CB,3,58:42.0,07:25.6,1.0,CBC: MCHC,30.5,g/dl,1981-05-25 18:00:39.880,Female,31:11.7,White,Divorced,English,0.62
46B0C636-50DC-4CDF-B622-C1AD581866CB,4,12:14.0,07:04.4,1.0,CBC: MCHC,30.5,g/dl,1981-05-25 18:00:39.880,Female,31:11.7,White,Divorced,English,0.62
46B0C636-50DC-4CDF-B622-C1AD581866CB,5,27:04.0,32:34.8,1.0,CBC: MCHC,30.5,g/dl,1981-05-25 18:00:39.880,Female,31:11.7,White,Divorced,English,0.62
46B0C636-50DC-4CDF-B622-C1AD581866CB,6,01:43.4,48:08.1,1.0,CBC: MCHC,30.5,g/dl,1981-05-25 18:00:39.880,Female,31:11.7,White,Divorced,English,0.62
46B0C636-50DC-4CDF-B622-C1AD581866CB,7,30:09.7,30:15.1,1.0,CBC: MCHC,30.5,g/dl,1981-05-25 18:00:39.880,Female,31:11.7,White,Divorced,English,0.62
