PatientID,AdmissionID_x,AdmissionStartDate,AdmissionEndDate,AdmissionID_y,LabName,LabValue,LabUnits,LabDateTime,PatientGender,PatientDateOfBirth,PatientRace,PatientMaritalStatus,PatientLanguage,PatientPopulationPercentageBelowPoverty
476808F4-4BB8-44D2-A46F-1D5CF9ACC703,1,49:34.1,12:00.8,1.0,URINALYSIS: WHITE BLOOD CELLS,4.8,wbc/hpf,1990-10-07 12:12:09.290,Male,01:39.3,White,Married,Spanish,18.52
476808F4-4BB8-44D2-A46F-1D5CF9ACC703,2,47:49.6,24:50.6,1.0,URINALYSIS: WHITE BLOOD CELLS,4.8,wbc/hpf,1990-10-07 12:12:09.290,Male,01:39.3,White,Married,Spanish,18.52
476808F4-4BB8-44D2-A46F-1D5CF9ACC703,3,37:15.2,05:43.6,1.0,URINALYSIS: WHITE BLOOD CELLS,4.8,wbc/hpf,1990-10-07 12:12:09.290,Male,01:39.3,White,Married,Spanish,18.52
476808F4-4BB8-44D2-A46F-1D5CF9ACC703,4,27:14.9,35:03.3,1.0,URINALYSIS: WHITE BLOOD CELLS,4.8,wbc/hpf,1990-10-07 12:12:09.290,Male,01:39.3,White,Married,Spanish,18.52
