PatientID,AdmissionID_x,AdmissionStartDate,AdmissionEndDate,AdmissionID_y,LabName,LabValue,LabUnits,LabDateTime,PatientGender,PatientDateOfBirth,PatientRace,PatientMaritalStatus,PatientLanguage,PatientPopulationPercentageBelowPoverty
065D9EAF-6F40-4218-9920-D11817EC0311,1,03:46.9,05:00.6,1.0,URINALYSIS: PH,6.7,no unit,1988-09-10 16:48:32.517,Female,35:09.1,White,Married,English,16.88
065D9EAF-6F40-4218-9920-D11817EC0311,2,23:05.2,25:01.5,1.0,URINALYSIS: PH,6.7,no unit,1988-09-10 16:48:32.517,Female,35:09.1,White,Married,English,16.88
065D9EAF-6F40-4218-9920-D11817EC0311,3,41:40.8,31:55.2,1.0,URINALYSIS: PH,6.7,no unit,1988-09-10 16:48:32.517,Female,35:09.1,White,Married,English,16.88
065D9EAF-6F40-4218-9920-D11817EC0311,4,40:39.3,35:40.1,1.0,URINALYSIS: PH,6.7,no unit,1988-09-10 16:48:32.517,Female,35:09.1,White,Married,English,16.88
065D9EAF-6F40-4218-9920-D11817EC0311,5,55:57.6,52:06.7,1.0,URINALYSIS: PH,6.7,no unit,1988-09-10 16:48:32.517,Female,35:09.1,White,Married,English,16.88
065D9EAF-6F40-4218-9920-D11817EC0311,6,58:24.3,44:45.3,1.0,URINALYSIS: PH,6.7,no unit,1988-09-10 16:48:32.517,Female,35:09.1,White,Married,English,16.88
