PatientID,AdmissionID_x,AdmissionStartDate,AdmissionEndDate,AdmissionID_y,LabName,LabValue,LabUnits,LabDateTime,PatientGender,PatientDateOfBirth,PatientRace,PatientMaritalStatus,PatientLanguage,PatientPopulationPercentageBelowPoverty
4819A758-ADC9-4D45-970D-7DFE4DC9AA60,1,31:29.6,26:09.3,1.0,METABOLIC: BUN,7.9,mg/dL,1976-02-26 20:31:32.067,Male,59:23.3,White,Married,English,0.67
4819A758-ADC9-4D45-970D-7DFE4DC9AA60,2,28:43.3,50:21.6,1.0,METABOLIC: BUN,7.9,mg/dL,1976-02-26 20:31:32.067,Male,59:23.3,White,Married,English,0.67
4819A758-ADC9-4D45-970D-7DFE4DC9AA60,3,54:06.4,34:30.5,1.0,METABOLIC: BUN,7.9,mg/dL,1976-02-26 20:31:32.067,Male,59:23.3,White,Married,English,0.67
4819A758-ADC9-4D45-970D-7DFE4DC9AA60,4,29:50.1,36:04.3,1.0,METABOLIC: BUN,7.9,mg/dL,1976-02-26 20:31:32.067,Male,59:23.3,White,Married,English,0.67
4819A758-ADC9-4D45-970D-7DFE4DC9AA60,5,31:36.7,20:05.1,1.0,METABOLIC: BUN,7.9,mg/dL,1976-02-26 20:31:32.067,Male,59:23.3,White,Married,English,0.67
