PatientID,AdmissionID_x,AdmissionStartDate,AdmissionEndDate,AdmissionID_y,LabName,LabValue,LabUnits,LabDateTime,PatientGender,PatientDateOfBirth,PatientRace,PatientMaritalStatus,PatientLanguage,PatientPopulationPercentageBelowPoverty
48DB6794-67A8-44F0-81CB-5BA920427D95,1,41:36.3,13:49.4,1.0,CBC: LYMPHOCYTES,3.3,k/cumm,1990-03-26 18:10:49.593,Female,54:42.4,White,Divorced,Icelandic,15.93
48DB6794-67A8-44F0-81CB-5BA920427D95,2,16:10.5,03:33.7,1.0,CBC: LYMPHOCYTES,3.3,k/cumm,1990-03-26 18:10:49.593,Female,54:42.4,White,Divorced,Icelandic,15.93
48DB6794-67A8-44F0-81CB-5BA920427D95,3,51:14.3,36:32.7,1.0,CBC: LYMPHOCYTES,3.3,k/cumm,1990-03-26 18:10:49.593,Female,54:42.4,White,Divorced,Icelandic,15.93
48DB6794-67A8-44F0-81CB-5BA920427D95,4,54:41.3,38:48.0,1.0,CBC: LYMPHOCYTES,3.3,k/cumm,1990-03-26 18:10:49.593,Female,54:42.4,White,Divorced,Icelandic,15.93
