PatientID,AdmissionID_x,AdmissionStartDate,AdmissionEndDate,AdmissionID_y,LabName,LabValue,LabUnits,LabDateTime,PatientGender,PatientDateOfBirth,PatientRace,PatientMaritalStatus,PatientLanguage,PatientPopulationPercentageBelowPoverty
49D825BF-E82E-4AD5-AD79-5EDFC6FA8516,1,28:09.3,35:33.5,1.0,CBC: ABSOLUTE LYMPHOCYTES,21.1,%,1959-01-26 00:27:32.100,Female,03:15.8,Asian,Married,English,19.32
49D825BF-E82E-4AD5-AD79-5EDFC6FA8516,2,46:31.9,40:10.1,1.0,CBC: ABSOLUTE LYMPHOCYTES,21.1,%,1959-01-26 00:27:32.100,Female,03:15.8,Asian,Married,English,19.32
49D825BF-E82E-4AD5-AD79-5EDFC6FA8516,3,06:15.3,26:43.0,1.0,CBC: ABSOLUTE LYMPHOCYTES,21.1,%,1959-01-26 00:27:32.100,Female,03:15.8,Asian,Married,English,19.32
49D825BF-E82E-4AD5-AD79-5EDFC6FA8516,4,00:22.3,25:12.9,1.0,CBC: ABSOLUTE LYMPHOCYTES,21.1,%,1959-01-26 00:27:32.100,Female,03:15.8,Asian,Married,English,19.32
