PatientID,AdmissionID_x,AdmissionStartDate,AdmissionEndDate,AdmissionID_y,LabName,LabValue,LabUnits,LabDateTime,PatientGender,PatientDateOfBirth,PatientRace,PatientMaritalStatus,PatientLanguage,PatientPopulationPercentageBelowPoverty
4A2B0E20-0BF7-40C6-9C26-5A4E3C160E5C,1,25:00.8,21:28.6,1.0,METABOLIC: AST/SGOT,26.7,U/L,1962-05-24 15:55:00.610,Male,23:25.5,White,Married,English,11.28
4A2B0E20-0BF7-40C6-9C26-5A4E3C160E5C,2,05:06.5,11:50.7,1.0,METABOLIC: AST/SGOT,26.7,U/L,1962-05-24 15:55:00.610,Male,23:25.5,White,Married,English,11.28
4A2B0E20-0BF7-40C6-9C26-5A4E3C160E5C,3,10:46.9,54:16.9,1.0,METABOLIC: AST/SGOT,26.7,U/L,1962-05-24 15:55:00.610,Male,23:25.5,White,Married,English,11.28
4A2B0E20-0BF7-40C6-9C26-5A4E3C160E5C,4,09:30.2,23:20.1,1.0,METABOLIC: AST/SGOT,26.7,U/L,1962-05-24 15:55:00.610,Male,23:25.5,White,Married,English,11.28
4A2B0E20-0BF7-40C6-9C26-5A4E3C160E5C,5,53:06.2,48:42.7,1.0,METABOLIC: AST/SGOT,26.7,U/L,1962-05-24 15:55:00.610,Male,23:25.5,White,Married,English,11.28
