PatientID,AdmissionID_x,AdmissionStartDate,AdmissionEndDate,AdmissionID_y,LabName,LabValue,LabUnits,LabDateTime,PatientGender,PatientDateOfBirth,PatientRace,PatientMaritalStatus,PatientLanguage,PatientPopulationPercentageBelowPoverty
4A44DBD5-79A6-478A-9DE2-982DDA0542C9,1,51:35.6,22:47.0,1.0,CBC: RED BLOOD CELL COUNT,6.6,m/cumm,1964-02-06 16:05:23.357,Female,49:47.4,White,Married,Icelandic,84.05
4A44DBD5-79A6-478A-9DE2-982DDA0542C9,2,20:26.9,27:46.1,1.0,CBC: RED BLOOD CELL COUNT,6.6,m/cumm,1964-02-06 16:05:23.357,Female,49:47.4,White,Married,Icelandic,84.05
4A44DBD5-79A6-478A-9DE2-982DDA0542C9,3,04:32.3,56:33.0,1.0,CBC: RED BLOOD CELL COUNT,6.6,m/cumm,1964-02-06 16:05:23.357,Female,49:47.4,White,Married,Icelandic,84.05
4A44DBD5-79A6-478A-9DE2-982DDA0542C9,4,13:30.0,25:19.8,1.0,CBC: RED BLOOD CELL COUNT,6.6,m/cumm,1964-02-06 16:05:23.357,Female,49:47.4,White,Married,Icelandic,84.05
4A44DBD5-79A6-478A-9DE2-982DDA0542C9,5,24:17.6,35:31.9,1.0,CBC: RED BLOOD CELL COUNT,6.6,m/cumm,1964-02-06 16:05:23.357,Female,49:47.4,White,Married,Icelandic,84.05
