PatientID,AdmissionID_x,AdmissionStartDate,AdmissionEndDate,AdmissionID_y,LabName,LabValue,LabUnits,LabDateTime,PatientGender,PatientDateOfBirth,PatientRace,PatientMaritalStatus,PatientLanguage,PatientPopulationPercentageBelowPoverty
504890F5-D543-45D8-81E4-8393C49E7576,1,18:49.2,30:08.2,1.0,CBC: ABSOLUTE NEUTROPHILS,78.8,%,1959-07-13 15:33:03.813,Male,26:09.1,White,Married,Icelandic,14.72
504890F5-D543-45D8-81E4-8393C49E7576,2,14:09.1,05:49.1,1.0,CBC: ABSOLUTE NEUTROPHILS,78.8,%,1959-07-13 15:33:03.813,Male,26:09.1,White,Married,Icelandic,14.72
504890F5-D543-45D8-81E4-8393C49E7576,3,08:41.9,59:26.6,1.0,CBC: ABSOLUTE NEUTROPHILS,78.8,%,1959-07-13 15:33:03.813,Male,26:09.1,White,Married,Icelandic,14.72
504890F5-D543-45D8-81E4-8393C49E7576,4,34:16.0,42:01.5,1.0,CBC: ABSOLUTE NEUTROPHILS,78.8,%,1959-07-13 15:33:03.813,Male,26:09.1,White,Married,Icelandic,14.72
504890F5-D543-45D8-81E4-8393C49E7576,5,23:39.8,38:03.3,1.0,CBC: ABSOLUTE NEUTROPHILS,78.8,%,1959-07-13 15:33:03.813,Male,26:09.1,White,Married,Icelandic,14.72
504890F5-D543-45D8-81E4-8393C49E7576,6,23:54.9,56:15.5,1.0,CBC: ABSOLUTE NEUTROPHILS,78.8,%,1959-07-13 15:33:03.813,Male,26:09.1,White,Married,Icelandic,14.72
