PatientID,AdmissionID_x,AdmissionStartDate,AdmissionEndDate,AdmissionID_y,LabName,LabValue,LabUnits,LabDateTime,PatientGender,PatientDateOfBirth,PatientRace,PatientMaritalStatus,PatientLanguage,PatientPopulationPercentageBelowPoverty
510070B0-B390-4D99-AA25-7E55B0D2C87F,1,42:38.3,29:13.5,1.0,METABOLIC: ALBUMIN,4.3,gm/dL,1960-03-04 16:17:38.717,Male,54:31.7,Asian,Unknown,Icelandic,6.6
510070B0-B390-4D99-AA25-7E55B0D2C87F,2,08:34.0,22:09.2,1.0,METABOLIC: ALBUMIN,4.3,gm/dL,1960-03-04 16:17:38.717,Male,54:31.7,Asian,Unknown,Icelandic,6.6
510070B0-B390-4D99-AA25-7E55B0D2C87F,3,51:35.3,50:31.6,1.0,METABOLIC: ALBUMIN,4.3,gm/dL,1960-03-04 16:17:38.717,Male,54:31.7,Asian,Unknown,Icelandic,6.6
510070B0-B390-4D99-AA25-7E55B0D2C87F,4,03:21.6,53:35.1,1.0,METABOLIC: ALBUMIN,4.3,gm/dL,1960-03-04 16:17:38.717,Male,54:31.7,Asian,Unknown,Icelandic,6.6
510070B0-B390-4D99-AA25-7E55B0D2C87F,5,47:46.9,39:37.3,1.0,METABOLIC: ALBUMIN,4.3,gm/dL,1960-03-04 16:17:38.717,Male,54:31.7,Asian,Unknown,Icelandic,6.6
510070B0-B390-4D99-AA25-7E55B0D2C87F,6,16:26.2,13:41.1,1.0,METABOLIC: ALBUMIN,4.3,gm/dL,1960-03-04 16:17:38.717,Male,54:31.7,Asian,Unknown,Icelandic,6.6
510070B0-B390-4D99-AA25-7E55B0D2C87F,7,29:19.2,31:36.4,1.0,METABOLIC: ALBUMIN,4.3,gm/dL,1960-03-04 16:17:38.717,Male,54:31.7,Asian,Unknown,Icelandic,6.6
510070B0-B390-4D99-AA25-7E55B0D2C87F,8,56:13.2,21:33.6,1.0,METABOLIC: ALBUMIN,4.3,gm/dL,1960-03-04 16:17:38.717,Male,54:31.7,Asian,Unknown,Icelandic,6.6
