PatientID,AdmissionID_x,AdmissionStartDate,AdmissionEndDate,AdmissionID_y,LabName,LabValue,LabUnits,LabDateTime,PatientGender,PatientDateOfBirth,PatientRace,PatientMaritalStatus,PatientLanguage,PatientPopulationPercentageBelowPoverty
51CFC6F7-ACA7-438B-9797-670EABA28FAE,1,20:58.2,19:25.5,1.0,CBC: PLATELET COUNT,252.7,k/cumm,1983-09-16 15:22:22.833,Male,15:32.0,Unknown,Single,English,16.41
51CFC6F7-ACA7-438B-9797-670EABA28FAE,2,17:13.4,20:25.5,1.0,CBC: PLATELET COUNT,252.7,k/cumm,1983-09-16 15:22:22.833,Male,15:32.0,Unknown,Single,English,16.41
51CFC6F7-ACA7-438B-9797-670EABA28FAE,3,28:39.6,35:30.2,1.0,CBC: PLATELET COUNT,252.7,k/cumm,1983-09-16 15:22:22.833,Male,15:32.0,Unknown,Single,English,16.41
51CFC6F7-ACA7-438B-9797-670EABA28FAE,4,40:32.5,07:37.7,1.0,CBC: PLATELET COUNT,252.7,k/cumm,1983-09-16 15:22:22.833,Male,15:32.0,Unknown,Single,English,16.41
