PatientID,AdmissionID_x,AdmissionStartDate,AdmissionEndDate,AdmissionID_y,LabName,LabValue,LabUnits,LabDateTime,PatientGender,PatientDateOfBirth,PatientRace,PatientMaritalStatus,PatientLanguage,PatientPopulationPercentageBelowPoverty
51EC1C74-6501-480D-AC63-DC13F5C51FB3,1,26:03.8,23:56.3,1.0,CBC: HEMOGLOBIN,13.3,gm/dl,1957-11-22 06:25:12.650,Female,13:50.7,White,Married,Spanish,14.83
51EC1C74-6501-480D-AC63-DC13F5C51FB3,2,01:20.1,22:52.8,1.0,CBC: HEMOGLOBIN,13.3,gm/dl,1957-11-22 06:25:12.650,Female,13:50.7,White,Married,Spanish,14.83
51EC1C74-6501-480D-AC63-DC13F5C51FB3,3,43:49.4,25:25.5,1.0,CBC: HEMOGLOBIN,13.3,gm/dl,1957-11-22 06:25:12.650,Female,13:50.7,White,Married,Spanish,14.83
51EC1C74-6501-480D-AC63-DC13F5C51FB3,4,10:54.0,34:11.4,1.0,CBC: HEMOGLOBIN,13.3,gm/dl,1957-11-22 06:25:12.650,Female,13:50.7,White,Married,Spanish,14.83
51EC1C74-6501-480D-AC63-DC13F5C51FB3,5,15:41.8,50:55.3,1.0,CBC: HEMOGLOBIN,13.3,gm/dl,1957-11-22 06:25:12.650,Female,13:50.7,White,Married,Spanish,14.83
51EC1C74-6501-480D-AC63-DC13F5C51FB3,6,09:51.1,20:25.4,1.0,CBC: HEMOGLOBIN,13.3,gm/dl,1957-11-22 06:25:12.650,Female,13:50.7,White,Married,Spanish,14.83
