PatientID,AdmissionID_x,AdmissionStartDate,AdmissionEndDate,AdmissionID_y,LabName,LabValue,LabUnits,LabDateTime,PatientGender,PatientDateOfBirth,PatientRace,PatientMaritalStatus,PatientLanguage,PatientPopulationPercentageBelowPoverty
54756145-65BC-4370-B462-25D0BD416B4A,1,37:46.1,10:29.6,1.0,CBC: LYMPHOCYTES,1.3,k/cumm,1970-05-10 16:03:03.463,Female,17:09.6,White,Married,Icelandic,19.04
54756145-65BC-4370-B462-25D0BD416B4A,2,50:46.7,19:16.7,1.0,CBC: LYMPHOCYTES,1.3,k/cumm,1970-05-10 16:03:03.463,Female,17:09.6,White,Married,Icelandic,19.04
54756145-65BC-4370-B462-25D0BD416B4A,3,52:19.8,35:45.0,1.0,CBC: LYMPHOCYTES,1.3,k/cumm,1970-05-10 16:03:03.463,Female,17:09.6,White,Married,Icelandic,19.04
54756145-65BC-4370-B462-25D0BD416B4A,4,23:41.1,03:38.4,1.0,CBC: LYMPHOCYTES,1.3,k/cumm,1970-05-10 16:03:03.463,Female,17:09.6,White,Married,Icelandic,19.04
