PatientID,AdmissionID_x,AdmissionStartDate,AdmissionEndDate,AdmissionID_y,LabName,LabValue,LabUnits,LabDateTime,PatientGender,PatientDateOfBirth,PatientRace,PatientMaritalStatus,PatientLanguage,PatientPopulationPercentageBelowPoverty
556D12D9-B96A-42AB-8C31-9503AE74E86F,1,18:28.7,38:58.3,1.0,METABOLIC: TOTAL PROTEIN,6.9,gm/dL,1982-02-10 19:48:48.027,Female,08:11.7,White,Divorced,English,18.53
556D12D9-B96A-42AB-8C31-9503AE74E86F,2,52:03.2,42:02.8,1.0,METABOLIC: TOTAL PROTEIN,6.9,gm/dL,1982-02-10 19:48:48.027,Female,08:11.7,White,Divorced,English,18.53
556D12D9-B96A-42AB-8C31-9503AE74E86F,3,22:27.8,56:40.1,1.0,METABOLIC: TOTAL PROTEIN,6.9,gm/dL,1982-02-10 19:48:48.027,Female,08:11.7,White,Divorced,English,18.53
556D12D9-B96A-42AB-8C31-9503AE74E86F,4,59:53.8,51:00.8,1.0,METABOLIC: TOTAL PROTEIN,6.9,gm/dL,1982-02-10 19:48:48.027,Female,08:11.7,White,Divorced,English,18.53
556D12D9-B96A-42AB-8C31-9503AE74E86F,5,12:51.1,25:04.2,1.0,METABOLIC: TOTAL PROTEIN,6.9,gm/dL,1982-02-10 19:48:48.027,Female,08:11.7,White,Divorced,English,18.53
