PatientID,AdmissionID_x,AdmissionStartDate,AdmissionEndDate,AdmissionID_y,LabName,LabValue,LabUnits,LabDateTime,PatientGender,PatientDateOfBirth,PatientRace,PatientMaritalStatus,PatientLanguage,PatientPopulationPercentageBelowPoverty
57E16AA8-1348-4F92-BF6A-D020F7865CB1,1,48:36.4,26:54.1,1.0,METABOLIC: AST/SGOT,34.8,U/L,1973-01-12 18:29:17.297,Male,50:51.7,African American,Separated,Spanish,11.56
57E16AA8-1348-4F92-BF6A-D020F7865CB1,2,36:54.1,22:36.3,1.0,METABOLIC: AST/SGOT,34.8,U/L,1973-01-12 18:29:17.297,Male,50:51.7,African American,Separated,Spanish,11.56
57E16AA8-1348-4F92-BF6A-D020F7865CB1,3,54:51.9,39:21.7,1.0,METABOLIC: AST/SGOT,34.8,U/L,1973-01-12 18:29:17.297,Male,50:51.7,African American,Separated,Spanish,11.56
57E16AA8-1348-4F92-BF6A-D020F7865CB1,4,57:35.2,15:42.7,1.0,METABOLIC: AST/SGOT,34.8,U/L,1973-01-12 18:29:17.297,Male,50:51.7,African American,Separated,Spanish,11.56
57E16AA8-1348-4F92-BF6A-D020F7865CB1,5,20:57.1,03:22.6,1.0,METABOLIC: AST/SGOT,34.8,U/L,1973-01-12 18:29:17.297,Male,50:51.7,African American,Separated,Spanish,11.56
57E16AA8-1348-4F92-BF6A-D020F7865CB1,6,44:30.5,06:58.6,1.0,METABOLIC: AST/SGOT,34.8,U/L,1973-01-12 18:29:17.297,Male,50:51.7,African American,Separated,Spanish,11.56
