PatientID,AdmissionID_x,AdmissionStartDate,AdmissionEndDate,AdmissionID_y,LabName,LabValue,LabUnits,LabDateTime,PatientGender,PatientDateOfBirth,PatientRace,PatientMaritalStatus,PatientLanguage,PatientPopulationPercentageBelowPoverty
596EE4B6-2E6A-467F-B878-5A325D6BA44D,1,31:04.6,10:10.1,1.0,METABOLIC: CARBON DIOXIDE,31.4,mmol/L,1969-03-20 07:10:27.980,Female,27:38.1,Asian,Married,English,19.46
596EE4B6-2E6A-467F-B878-5A325D6BA44D,2,19:11.3,04:10.1,1.0,METABOLIC: CARBON DIOXIDE,31.4,mmol/L,1969-03-20 07:10:27.980,Female,27:38.1,Asian,Married,English,19.46
596EE4B6-2E6A-467F-B878-5A325D6BA44D,3,53:28.5,19:12.0,1.0,METABOLIC: CARBON DIOXIDE,31.4,mmol/L,1969-03-20 07:10:27.980,Female,27:38.1,Asian,Married,English,19.46
596EE4B6-2E6A-467F-B878-5A325D6BA44D,4,53:43.7,42:23.6,1.0,METABOLIC: CARBON DIOXIDE,31.4,mmol/L,1969-03-20 07:10:27.980,Female,27:38.1,Asian,Married,English,19.46
596EE4B6-2E6A-467F-B878-5A325D6BA44D,5,46:56.3,34:21.3,1.0,METABOLIC: CARBON DIOXIDE,31.4,mmol/L,1969-03-20 07:10:27.980,Female,27:38.1,Asian,Married,English,19.46
