PatientID,AdmissionID_x,AdmissionStartDate,AdmissionEndDate,AdmissionID_y,LabName,LabValue,LabUnits,LabDateTime,PatientGender,PatientDateOfBirth,PatientRace,PatientMaritalStatus,PatientLanguage,PatientPopulationPercentageBelowPoverty
5B22C245-0CA0-4928-B63D-4E454A7524D9,1,02:38.1,54:54.3,1.0,METABOLIC: ALBUMIN,4.7,gm/dL,1982-07-03 19:37:00.363,Female,04:52.4,Asian,Widowed,English,16.1
5B22C245-0CA0-4928-B63D-4E454A7524D9,2,11:30.1,42:13.6,1.0,METABOLIC: ALBUMIN,4.7,gm/dL,1982-07-03 19:37:00.363,Female,04:52.4,Asian,Widowed,English,16.1
5B22C245-0CA0-4928-B63D-4E454A7524D9,3,02:03.4,37:49.3,1.0,METABOLIC: ALBUMIN,4.7,gm/dL,1982-07-03 19:37:00.363,Female,04:52.4,Asian,Widowed,English,16.1
5B22C245-0CA0-4928-B63D-4E454A7524D9,4,11:46.3,44:32.1,1.0,METABOLIC: ALBUMIN,4.7,gm/dL,1982-07-03 19:37:00.363,Female,04:52.4,Asian,Widowed,English,16.1
