PatientID,AdmissionID_x,AdmissionStartDate,AdmissionEndDate,AdmissionID_y,LabName,LabValue,LabUnits,LabDateTime,PatientGender,PatientDateOfBirth,PatientRace,PatientMaritalStatus,PatientLanguage,PatientPopulationPercentageBelowPoverty
5BEB54EF-7E81-470F-A1E4-A0033A74DF57,1,24:21.4,54:25.1,1.0,URINALYSIS: SPECIFIC GRAVITY,1.0,no unit,1942-09-23 16:43:01.223,Male,30:31.8,White,Married,Spanish,13.29
5BEB54EF-7E81-470F-A1E4-A0033A74DF57,2,12:13.9,00:45.8,1.0,URINALYSIS: SPECIFIC GRAVITY,1.0,no unit,1942-09-23 16:43:01.223,Male,30:31.8,White,Married,Spanish,13.29
5BEB54EF-7E81-470F-A1E4-A0033A74DF57,3,12:14.0,51:55.0,1.0,URINALYSIS: SPECIFIC GRAVITY,1.0,no unit,1942-09-23 16:43:01.223,Male,30:31.8,White,Married,Spanish,13.29
5BEB54EF-7E81-470F-A1E4-A0033A74DF57,4,10:45.3,51:08.4,1.0,URINALYSIS: SPECIFIC GRAVITY,1.0,no unit,1942-09-23 16:43:01.223,Male,30:31.8,White,Married,Spanish,13.29
5BEB54EF-7E81-470F-A1E4-A0033A74DF57,5,20:19.4,45:09.6,1.0,URINALYSIS: SPECIFIC GRAVITY,1.0,no unit,1942-09-23 16:43:01.223,Male,30:31.8,White,Married,Spanish,13.29
5BEB54EF-7E81-470F-A1E4-A0033A74DF57,6,55:37.4,29:11.5,1.0,URINALYSIS: SPECIFIC GRAVITY,1.0,no unit,1942-09-23 16:43:01.223,Male,30:31.8,White,Married,Spanish,13.29
5BEB54EF-7E81-470F-A1E4-A0033A74DF57,7,08:51.9,29:19.1,1.0,URINALYSIS: SPECIFIC GRAVITY,1.0,no unit,1942-09-23 16:43:01.223,Male,30:31.8,White,Married,Spanish,13.29
5BEB54EF-7E81-470F-A1E4-A0033A74DF57,8,33:53.2,19:45.9,1.0,URINALYSIS: SPECIFIC GRAVITY,1.0,no unit,1942-09-23 16:43:01.223,Male,30:31.8,White,Married,Spanish,13.29
5BEB54EF-7E81-470F-A1E4-A0033A74DF57,9,10:29.8,07:23.0,1.0,URINALYSIS: SPECIFIC GRAVITY,1.0,no unit,1942-09-23 16:43:01.223,Male,30:31.8,White,Married,Spanish,13.29
