PatientID,AdmissionID_x,AdmissionStartDate,AdmissionEndDate,AdmissionID_y,LabName,LabValue,LabUnits,LabDateTime,PatientGender,PatientDateOfBirth,PatientRace,PatientMaritalStatus,PatientLanguage,PatientPopulationPercentageBelowPoverty
5C265DE5-3CCC-499F-9010-4EBBCDDCB1C7,1,45:40.5,22:47.1,1.0,CBC: MCH,31.0,pg,1977-03-21 04:02:44.063,Female,38:20.6,White,Single,Icelandic,10.66
5C265DE5-3CCC-499F-9010-4EBBCDDCB1C7,2,49:45.3,34:37.7,1.0,CBC: MCH,31.0,pg,1977-03-21 04:02:44.063,Female,38:20.6,White,Single,Icelandic,10.66
5C265DE5-3CCC-499F-9010-4EBBCDDCB1C7,3,58:15.3,12:40.9,1.0,CBC: MCH,31.0,pg,1977-03-21 04:02:44.063,Female,38:20.6,White,Single,Icelandic,10.66
5C265DE5-3CCC-499F-9010-4EBBCDDCB1C7,4,56:20.4,31:22.0,1.0,CBC: MCH,31.0,pg,1977-03-21 04:02:44.063,Female,38:20.6,White,Single,Icelandic,10.66
5C265DE5-3CCC-499F-9010-4EBBCDDCB1C7,5,28:20.1,31:33.8,1.0,CBC: MCH,31.0,pg,1977-03-21 04:02:44.063,Female,38:20.6,White,Single,Icelandic,10.66
