PatientID,AdmissionID_x,AdmissionStartDate,AdmissionEndDate,AdmissionID_y,LabName,LabValue,LabUnits,LabDateTime,PatientGender,PatientDateOfBirth,PatientRace,PatientMaritalStatus,PatientLanguage,PatientPopulationPercentageBelowPoverty
5DEA32E7-D060-46B2-A433-EEC2C5FAF2C1,1,49:08.4,34:42.3,1.0,CBC: RED BLOOD CELL COUNT,6.7,m/cumm,1982-12-20 14:19:59.847,Male,31:51.6,White,Single,Spanish,13.89
5DEA32E7-D060-46B2-A433-EEC2C5FAF2C1,2,45:16.9,11:18.5,1.0,CBC: RED BLOOD CELL COUNT,6.7,m/cumm,1982-12-20 14:19:59.847,Male,31:51.6,White,Single,Spanish,13.89
5DEA32E7-D060-46B2-A433-EEC2C5FAF2C1,3,27:36.2,01:41.2,1.0,CBC: RED BLOOD CELL COUNT,6.7,m/cumm,1982-12-20 14:19:59.847,Male,31:51.6,White,Single,Spanish,13.89
5DEA32E7-D060-46B2-A433-EEC2C5FAF2C1,4,05:10.7,17:25.8,1.0,CBC: RED BLOOD CELL COUNT,6.7,m/cumm,1982-12-20 14:19:59.847,Male,31:51.6,White,Single,Spanish,13.89
5DEA32E7-D060-46B2-A433-EEC2C5FAF2C1,5,47:23.9,44:16.4,1.0,CBC: RED BLOOD CELL COUNT,6.7,m/cumm,1982-12-20 14:19:59.847,Male,31:51.6,White,Single,Spanish,13.89
5DEA32E7-D060-46B2-A433-EEC2C5FAF2C1,6,00:19.4,20:54.5,1.0,CBC: RED BLOOD CELL COUNT,6.7,m/cumm,1982-12-20 14:19:59.847,Male,31:51.6,White,Single,Spanish,13.89
