PatientID,AdmissionID_x,AdmissionStartDate,AdmissionEndDate,AdmissionID_y,LabName,LabValue,LabUnits,LabDateTime,PatientGender,PatientDateOfBirth,PatientRace,PatientMaritalStatus,PatientLanguage,PatientPopulationPercentageBelowPoverty
5F181773-CD82-46DE-9593-65469E6CB90D,1,21:28.7,31:23.9,1.0,METABOLIC: BUN,27.8,mg/dL,1953-09-06 08:08:08.653,Male,06:11.5,Asian,Married,Icelandic,82.38
5F181773-CD82-46DE-9593-65469E6CB90D,2,53:30.5,46:46.7,1.0,METABOLIC: BUN,27.8,mg/dL,1953-09-06 08:08:08.653,Male,06:11.5,Asian,Married,Icelandic,82.38
5F181773-CD82-46DE-9593-65469E6CB90D,3,40:51.1,39:09.8,1.0,METABOLIC: BUN,27.8,mg/dL,1953-09-06 08:08:08.653,Male,06:11.5,Asian,Married,Icelandic,82.38
5F181773-CD82-46DE-9593-65469E6CB90D,4,02:12.9,51:50.7,1.0,METABOLIC: BUN,27.8,mg/dL,1953-09-06 08:08:08.653,Male,06:11.5,Asian,Married,Icelandic,82.38
5F181773-CD82-46DE-9593-65469E6CB90D,5,05:11.6,09:47.2,1.0,METABOLIC: BUN,27.8,mg/dL,1953-09-06 08:08:08.653,Male,06:11.5,Asian,Married,Icelandic,82.38
5F181773-CD82-46DE-9593-65469E6CB90D,6,26:59.1,33:40.3,1.0,METABOLIC: BUN,27.8,mg/dL,1953-09-06 08:08:08.653,Male,06:11.5,Asian,Married,Icelandic,82.38
