PatientID,AdmissionID_x,AdmissionStartDate,AdmissionEndDate,AdmissionID_y,LabName,LabValue,LabUnits,LabDateTime,PatientGender,PatientDateOfBirth,PatientRace,PatientMaritalStatus,PatientLanguage,PatientPopulationPercentageBelowPoverty
5FE4040E-8F94-450A-B2D0-EF7EA9CBC8FF,1,55:38.5,44:57.1,1.0,METABOLIC: ALK PHOS,128.9,U/L,1959-11-27 14:31:30.613,Male,42:50.7,White,Divorced,English,14.38
5FE4040E-8F94-450A-B2D0-EF7EA9CBC8FF,2,08:54.2,07:27.9,1.0,METABOLIC: ALK PHOS,128.9,U/L,1959-11-27 14:31:30.613,Male,42:50.7,White,Divorced,English,14.38
5FE4040E-8F94-450A-B2D0-EF7EA9CBC8FF,3,28:33.2,10:37.9,1.0,METABOLIC: ALK PHOS,128.9,U/L,1959-11-27 14:31:30.613,Male,42:50.7,White,Divorced,English,14.38
5FE4040E-8F94-450A-B2D0-EF7EA9CBC8FF,4,02:19.6,24:20.3,1.0,METABOLIC: ALK PHOS,128.9,U/L,1959-11-27 14:31:30.613,Male,42:50.7,White,Divorced,English,14.38
5FE4040E-8F94-450A-B2D0-EF7EA9CBC8FF,5,26:36.7,23:21.4,1.0,METABOLIC: ALK PHOS,128.9,U/L,1959-11-27 14:31:30.613,Male,42:50.7,White,Divorced,English,14.38
