PatientID,AdmissionID_x,AdmissionStartDate,AdmissionEndDate,AdmissionID_y,LabName,LabValue,LabUnits,LabDateTime,PatientGender,PatientDateOfBirth,PatientRace,PatientMaritalStatus,PatientLanguage,PatientPopulationPercentageBelowPoverty
608CF114-1320-4FC8-B471-12E02FA0DCA4,1,35:01.3,46:49.8,1.0,METABOLIC: GLUCOSE,95.9,mg/dL,1971-04-19 01:06:41.983,Male,48:42.1,Asian,Separated,English,15.31
608CF114-1320-4FC8-B471-12E02FA0DCA4,2,12:50.7,07:57.4,1.0,METABOLIC: GLUCOSE,95.9,mg/dL,1971-04-19 01:06:41.983,Male,48:42.1,Asian,Separated,English,15.31
608CF114-1320-4FC8-B471-12E02FA0DCA4,3,43:13.6,54:39.1,1.0,METABOLIC: GLUCOSE,95.9,mg/dL,1971-04-19 01:06:41.983,Male,48:42.1,Asian,Separated,English,15.31
608CF114-1320-4FC8-B471-12E02FA0DCA4,4,06:15.1,56:57.2,1.0,METABOLIC: GLUCOSE,95.9,mg/dL,1971-04-19 01:06:41.983,Male,48:42.1,Asian,Separated,English,15.31
608CF114-1320-4FC8-B471-12E02FA0DCA4,5,39:00.7,13:40.0,1.0,METABOLIC: GLUCOSE,95.9,mg/dL,1971-04-19 01:06:41.983,Male,48:42.1,Asian,Separated,English,15.31
