PatientID,AdmissionID_x,AdmissionStartDate,AdmissionEndDate,AdmissionID_y,LabName,LabValue,LabUnits,LabDateTime,PatientGender,PatientDateOfBirth,PatientRace,PatientMaritalStatus,PatientLanguage,PatientPopulationPercentageBelowPoverty
60CA6DB5-764C-471D-887B-08C14BDDD348,1,42:36.2,32:46.9,1.0,METABOLIC: POTASSIUM,5.8,mmol/L,1989-06-11 08:53:32.630,Male,01:52.0,Unknown,Married,Icelandic,19.33
60CA6DB5-764C-471D-887B-08C14BDDD348,2,49:37.0,09:21.9,1.0,METABOLIC: POTASSIUM,5.8,mmol/L,1989-06-11 08:53:32.630,Male,01:52.0,Unknown,Married,Icelandic,19.33
60CA6DB5-764C-471D-887B-08C14BDDD348,3,15:11.6,07:25.7,1.0,METABOLIC: POTASSIUM,5.8,mmol/L,1989-06-11 08:53:32.630,Male,01:52.0,Unknown,Married,Icelandic,19.33
60CA6DB5-764C-471D-887B-08C14BDDD348,4,02:47.8,28:22.7,1.0,METABOLIC: POTASSIUM,5.8,mmol/L,1989-06-11 08:53:32.630,Male,01:52.0,Unknown,Married,Icelandic,19.33
60CA6DB5-764C-471D-887B-08C14BDDD348,5,51:55.2,17:15.0,1.0,METABOLIC: POTASSIUM,5.8,mmol/L,1989-06-11 08:53:32.630,Male,01:52.0,Unknown,Married,Icelandic,19.33
