PatientID,AdmissionID_x,AdmissionStartDate,AdmissionEndDate,AdmissionID_y,LabName,LabValue,LabUnits,LabDateTime,PatientGender,PatientDateOfBirth,PatientRace,PatientMaritalStatus,PatientLanguage,PatientPopulationPercentageBelowPoverty
629C92E2-F1CB-40F8-810D-D76A5B6CE244,1,19:05.1,58:35.3,1.0,CBC: MEAN CORPUSCULAR VOLUME,99.1,fl,1961-12-06 13:47:43.227,Female,29:18.9,White,Married,Spanish,19.84
629C92E2-F1CB-40F8-810D-D76A5B6CE244,2,22:59.6,26:54.1,1.0,CBC: MEAN CORPUSCULAR VOLUME,99.1,fl,1961-12-06 13:47:43.227,Female,29:18.9,White,Married,Spanish,19.84
629C92E2-F1CB-40F8-810D-D76A5B6CE244,3,23:46.2,37:55.4,1.0,CBC: MEAN CORPUSCULAR VOLUME,99.1,fl,1961-12-06 13:47:43.227,Female,29:18.9,White,Married,Spanish,19.84
629C92E2-F1CB-40F8-810D-D76A5B6CE244,4,06:26.9,57:39.2,1.0,CBC: MEAN CORPUSCULAR VOLUME,99.1,fl,1961-12-06 13:47:43.227,Female,29:18.9,White,Married,Spanish,19.84
629C92E2-F1CB-40F8-810D-D76A5B6CE244,5,50:11.5,39:13.9,1.0,CBC: MEAN CORPUSCULAR VOLUME,99.1,fl,1961-12-06 13:47:43.227,Female,29:18.9,White,Married,Spanish,19.84
629C92E2-F1CB-40F8-810D-D76A5B6CE244,6,17:57.3,02:09.4,1.0,CBC: MEAN CORPUSCULAR VOLUME,99.1,fl,1961-12-06 13:47:43.227,Female,29:18.9,White,Married,Spanish,19.84
