PatientID,AdmissionID_x,AdmissionStartDate,AdmissionEndDate,AdmissionID_y,LabName,LabValue,LabUnits,LabDateTime,PatientGender,PatientDateOfBirth,PatientRace,PatientMaritalStatus,PatientLanguage,PatientPopulationPercentageBelowPoverty
6386E55A-F321-4B64-A2B4-DB5D171EB90B,1,20:16.8,30:10.4,1.0,CBC: MCH,36.7,pg,1962-09-01 18:45:16.063,Male,50:59.0,White,Single,English,98.35
6386E55A-F321-4B64-A2B4-DB5D171EB90B,2,33:28.9,32:02.4,1.0,CBC: MCH,36.7,pg,1962-09-01 18:45:16.063,Male,50:59.0,White,Single,English,98.35
6386E55A-F321-4B64-A2B4-DB5D171EB90B,3,39:25.1,30:42.8,1.0,CBC: MCH,36.7,pg,1962-09-01 18:45:16.063,Male,50:59.0,White,Single,English,98.35
6386E55A-F321-4B64-A2B4-DB5D171EB90B,4,16:35.4,32:23.3,1.0,CBC: MCH,36.7,pg,1962-09-01 18:45:16.063,Male,50:59.0,White,Single,English,98.35
6386E55A-F321-4B64-A2B4-DB5D171EB90B,5,54:45.5,39:00.2,1.0,CBC: MCH,36.7,pg,1962-09-01 18:45:16.063,Male,50:59.0,White,Single,English,98.35
6386E55A-F321-4B64-A2B4-DB5D171EB90B,6,47:17.5,43:41.1,1.0,CBC: MCH,36.7,pg,1962-09-01 18:45:16.063,Male,50:59.0,White,Single,English,98.35
