PatientID,AdmissionID_x,AdmissionStartDate,AdmissionEndDate,AdmissionID_y,LabName,LabValue,LabUnits,LabDateTime,PatientGender,PatientDateOfBirth,PatientRace,PatientMaritalStatus,PatientLanguage,PatientPopulationPercentageBelowPoverty
64DC9C1E-9795-40AF-AFA7-9C92B65836A3,1,43:01.7,29:41.0,1.0,CBC: RDW,16.8,%,1979-03-09 15:55:08.763,Male,01:38.8,African American,Married,English,0.39
64DC9C1E-9795-40AF-AFA7-9C92B65836A3,2,52:51.9,37:34.9,1.0,CBC: RDW,16.8,%,1979-03-09 15:55:08.763,Male,01:38.8,African American,Married,English,0.39
64DC9C1E-9795-40AF-AFA7-9C92B65836A3,3,55:51.9,44:24.0,1.0,CBC: RDW,16.8,%,1979-03-09 15:55:08.763,Male,01:38.8,African American,Married,English,0.39
64DC9C1E-9795-40AF-AFA7-9C92B65836A3,4,38:45.6,16:36.5,1.0,CBC: RDW,16.8,%,1979-03-09 15:55:08.763,Male,01:38.8,African American,Married,English,0.39
64DC9C1E-9795-40AF-AFA7-9C92B65836A3,5,27:33.0,16:04.6,1.0,CBC: RDW,16.8,%,1979-03-09 15:55:08.763,Male,01:38.8,African American,Married,English,0.39
64DC9C1E-9795-40AF-AFA7-9C92B65836A3,6,56:11.3,23:40.4,1.0,CBC: RDW,16.8,%,1979-03-09 15:55:08.763,Male,01:38.8,African American,Married,English,0.39
64DC9C1E-9795-40AF-AFA7-9C92B65836A3,7,59:09.8,04:05.1,1.0,CBC: RDW,16.8,%,1979-03-09 15:55:08.763,Male,01:38.8,African American,Married,English,0.39
64DC9C1E-9795-40AF-AFA7-9C92B65836A3,8,20:45.5,56:25.4,1.0,CBC: RDW,16.8,%,1979-03-09 15:55:08.763,Male,01:38.8,African American,Married,English,0.39
