PatientID,AdmissionID_x,AdmissionStartDate,AdmissionEndDate,AdmissionID_y,LabName,LabValue,LabUnits,LabDateTime,PatientGender,PatientDateOfBirth,PatientRace,PatientMaritalStatus,PatientLanguage,PatientPopulationPercentageBelowPoverty
6615EC16-DAAF-4E82-8F88-2502B87A60E9,1,01:40.3,44:36.8,1.0,METABOLIC: CHLORIDE,104.4,mmol/L,1967-01-21 10:33:44.550,Female,39:09.2,Unknown,Married,Spanish,10.26
6615EC16-DAAF-4E82-8F88-2502B87A60E9,2,44:51.4,07:26.4,1.0,METABOLIC: CHLORIDE,104.4,mmol/L,1967-01-21 10:33:44.550,Female,39:09.2,Unknown,Married,Spanish,10.26
6615EC16-DAAF-4E82-8F88-2502B87A60E9,3,49:22.6,12:00.6,1.0,METABOLIC: CHLORIDE,104.4,mmol/L,1967-01-21 10:33:44.550,Female,39:09.2,Unknown,Married,Spanish,10.26
6615EC16-DAAF-4E82-8F88-2502B87A60E9,4,54:52.5,06:50.6,1.0,METABOLIC: CHLORIDE,104.4,mmol/L,1967-01-21 10:33:44.550,Female,39:09.2,Unknown,Married,Spanish,10.26
6615EC16-DAAF-4E82-8F88-2502B87A60E9,5,35:24.0,52:58.2,1.0,METABOLIC: CHLORIDE,104.4,mmol/L,1967-01-21 10:33:44.550,Female,39:09.2,Unknown,Married,Spanish,10.26
