PatientID,AdmissionID_x,AdmissionStartDate,AdmissionEndDate,AdmissionID_y,LabName,LabValue,LabUnits,LabDateTime,PatientGender,PatientDateOfBirth,PatientRace,PatientMaritalStatus,PatientLanguage,PatientPopulationPercentageBelowPoverty
66255ACC-4E86-438A-8110-7925946DDE74,1,57:25.1,51:13.3,1.0,METABOLIC: BILI TOTAL,0.5,mg/dL,1971-01-17 19:15:22.003,Female,57:37.7,White,Single,Icelandic,17.51
66255ACC-4E86-438A-8110-7925946DDE74,2,09:14.1,34:51.5,1.0,METABOLIC: BILI TOTAL,0.5,mg/dL,1971-01-17 19:15:22.003,Female,57:37.7,White,Single,Icelandic,17.51
66255ACC-4E86-438A-8110-7925946DDE74,3,50:35.2,36:20.8,1.0,METABOLIC: BILI TOTAL,0.5,mg/dL,1971-01-17 19:15:22.003,Female,57:37.7,White,Single,Icelandic,17.51
66255ACC-4E86-438A-8110-7925946DDE74,4,12:02.0,29:20.5,1.0,METABOLIC: BILI TOTAL,0.5,mg/dL,1971-01-17 19:15:22.003,Female,57:37.7,White,Single,Icelandic,17.51
66255ACC-4E86-438A-8110-7925946DDE74,5,40:22.1,15:18.5,1.0,METABOLIC: BILI TOTAL,0.5,mg/dL,1971-01-17 19:15:22.003,Female,57:37.7,White,Single,Icelandic,17.51
66255ACC-4E86-438A-8110-7925946DDE74,6,48:53.4,13:49.6,1.0,METABOLIC: BILI TOTAL,0.5,mg/dL,1971-01-17 19:15:22.003,Female,57:37.7,White,Single,Icelandic,17.51
