PatientID,AdmissionID_x,AdmissionStartDate,AdmissionEndDate,AdmissionID_y,LabName,LabValue,LabUnits,LabDateTime,PatientGender,PatientDateOfBirth,PatientRace,PatientMaritalStatus,PatientLanguage,PatientPopulationPercentageBelowPoverty
665F4C2A-A15E-4923-BCDF-0D2631DFCF60,1,28:49.9,37:33.7,1.0,CBC: PLATELET COUNT,142.0,k/cumm,1953-02-27 15:33:38.660,Female,36:40.6,Asian,Married,Icelandic,15.86
665F4C2A-A15E-4923-BCDF-0D2631DFCF60,2,20:15.1,39:04.7,1.0,CBC: PLATELET COUNT,142.0,k/cumm,1953-02-27 15:33:38.660,Female,36:40.6,Asian,Married,Icelandic,15.86
665F4C2A-A15E-4923-BCDF-0D2631DFCF60,3,12:51.1,25:11.0,1.0,CBC: PLATELET COUNT,142.0,k/cumm,1953-02-27 15:33:38.660,Female,36:40.6,Asian,Married,Icelandic,15.86
665F4C2A-A15E-4923-BCDF-0D2631DFCF60,4,14:42.6,29:20.5,1.0,CBC: PLATELET COUNT,142.0,k/cumm,1953-02-27 15:33:38.660,Female,36:40.6,Asian,Married,Icelandic,15.86
665F4C2A-A15E-4923-BCDF-0D2631DFCF60,5,18:10.0,40:11.8,1.0,CBC: PLATELET COUNT,142.0,k/cumm,1953-02-27 15:33:38.660,Female,36:40.6,Asian,Married,Icelandic,15.86
665F4C2A-A15E-4923-BCDF-0D2631DFCF60,6,28:40.7,16:36.5,1.0,CBC: PLATELET COUNT,142.0,k/cumm,1953-02-27 15:33:38.660,Female,36:40.6,Asian,Married,Icelandic,15.86
665F4C2A-A15E-4923-BCDF-0D2631DFCF60,7,27:05.5,44:17.1,1.0,CBC: PLATELET COUNT,142.0,k/cumm,1953-02-27 15:33:38.660,Female,36:40.6,Asian,Married,Icelandic,15.86
