PatientID,AdmissionID_x,AdmissionStartDate,AdmissionEndDate,AdmissionID_y,LabName,LabValue,LabUnits,LabDateTime,PatientGender,PatientDateOfBirth,PatientRace,PatientMaritalStatus,PatientLanguage,PatientPopulationPercentageBelowPoverty
695EE61B-1906-4E67-BA74-3A757DA4A1FA,1,00:53.6,01:03.4,1.0,CBC: WHITE BLOOD CELL COUNT,5.6,k/cumm,1959-03-04 22:56:54.423,Female,43:20.4,Unknown,Single,English,13.07
695EE61B-1906-4E67-BA74-3A757DA4A1FA,2,55:07.4,49:51.4,1.0,CBC: WHITE BLOOD CELL COUNT,5.6,k/cumm,1959-03-04 22:56:54.423,Female,43:20.4,Unknown,Single,English,13.07
695EE61B-1906-4E67-BA74-3A757DA4A1FA,3,51:00.8,21:08.3,1.0,CBC: WHITE BLOOD CELL COUNT,5.6,k/cumm,1959-03-04 22:56:54.423,Female,43:20.4,Unknown,Single,English,13.07
695EE61B-1906-4E67-BA74-3A757DA4A1FA,4,24:22.7,22:23.4,1.0,CBC: WHITE BLOOD CELL COUNT,5.6,k/cumm,1959-03-04 22:56:54.423,Female,43:20.4,Unknown,Single,English,13.07
695EE61B-1906-4E67-BA74-3A757DA4A1FA,5,35:38.2,01:13.5,1.0,CBC: WHITE BLOOD CELL COUNT,5.6,k/cumm,1959-03-04 22:56:54.423,Female,43:20.4,Unknown,Single,English,13.07
