PatientID,AdmissionID_x,AdmissionStartDate,AdmissionEndDate,AdmissionID_y,LabName,LabValue,LabUnits,LabDateTime,PatientGender,PatientDateOfBirth,PatientRace,PatientMaritalStatus,PatientLanguage,PatientPopulationPercentageBelowPoverty
6A468635-05DF-476F-ACC8-95ECF9F3E5B2,1,37:32.5,14:48.5,1.0,CBC: ABSOLUTE NEUTROPHILS,73.1,%,1974-12-06 11:59:59.707,Male,36:24.9,White,Divorced,English,18.08
6A468635-05DF-476F-ACC8-95ECF9F3E5B2,2,26:35.0,27:06.4,1.0,CBC: ABSOLUTE NEUTROPHILS,73.1,%,1974-12-06 11:59:59.707,Male,36:24.9,White,Divorced,English,18.08
6A468635-05DF-476F-ACC8-95ECF9F3E5B2,3,52:04.3,37:35.1,1.0,CBC: ABSOLUTE NEUTROPHILS,73.1,%,1974-12-06 11:59:59.707,Male,36:24.9,White,Divorced,English,18.08
6A468635-05DF-476F-ACC8-95ECF9F3E5B2,4,31:22.9,45:19.8,1.0,CBC: ABSOLUTE NEUTROPHILS,73.1,%,1974-12-06 11:59:59.707,Male,36:24.9,White,Divorced,English,18.08
6A468635-05DF-476F-ACC8-95ECF9F3E5B2,5,59:54.2,51:25.6,1.0,CBC: ABSOLUTE NEUTROPHILS,73.1,%,1974-12-06 11:59:59.707,Male,36:24.9,White,Divorced,English,18.08
