PatientID,AdmissionID_x,AdmissionStartDate,AdmissionEndDate,AdmissionID_y,LabName,LabValue,LabUnits,LabDateTime,PatientGender,PatientDateOfBirth,PatientRace,PatientMaritalStatus,PatientLanguage,PatientPopulationPercentageBelowPoverty
6C6F8DED-850B-4F51-946C-7970F0D1ADF8,1,50:24.0,25:48.7,1.0,METABOLIC: CREATININE,0.9,mg/dL,1987-05-12 06:22:36.773,Male,52:12.7,White,Married,Spanish,6.9
6C6F8DED-850B-4F51-946C-7970F0D1ADF8,2,30:11.0,15:31.2,1.0,METABOLIC: CREATININE,0.9,mg/dL,1987-05-12 06:22:36.773,Male,52:12.7,White,Married,Spanish,6.9
6C6F8DED-850B-4F51-946C-7970F0D1ADF8,3,24:38.6,10:04.8,1.0,METABOLIC: CREATININE,0.9,mg/dL,1987-05-12 06:22:36.773,Male,52:12.7,White,Married,Spanish,6.9
6C6F8DED-850B-4F51-946C-7970F0D1ADF8,4,50:12.7,51:31.4,1.0,METABOLIC: CREATININE,0.9,mg/dL,1987-05-12 06:22:36.773,Male,52:12.7,White,Married,Spanish,6.9
6C6F8DED-850B-4F51-946C-7970F0D1ADF8,5,20:09.2,02:47.5,1.0,METABOLIC: CREATININE,0.9,mg/dL,1987-05-12 06:22:36.773,Male,52:12.7,White,Married,Spanish,6.9
