PatientID,AdmissionID_x,AdmissionStartDate,AdmissionEndDate,AdmissionID_y,LabName,LabValue,LabUnits,LabDateTime,PatientGender,PatientDateOfBirth,PatientRace,PatientMaritalStatus,PatientLanguage,PatientPopulationPercentageBelowPoverty
6C8AFF36-097D-4A50-BDBA-F7EB3743D5CD,1,14:59.0,26:50.5,1.0,METABOLIC: GLUCOSE,90.1,mg/dL,1944-12-05 00:47:23.870,Male,45:35.9,White,Single,Icelandic,1.17
6C8AFF36-097D-4A50-BDBA-F7EB3743D5CD,2,41:42.7,08:41.8,1.0,METABOLIC: GLUCOSE,90.1,mg/dL,1944-12-05 00:47:23.870,Male,45:35.9,White,Single,Icelandic,1.17
6C8AFF36-097D-4A50-BDBA-F7EB3743D5CD,3,46:28.6,28:46.1,1.0,METABOLIC: GLUCOSE,90.1,mg/dL,1944-12-05 00:47:23.870,Male,45:35.9,White,Single,Icelandic,1.17
6C8AFF36-097D-4A50-BDBA-F7EB3743D5CD,4,25:05.0,51:21.8,1.0,METABOLIC: GLUCOSE,90.1,mg/dL,1944-12-05 00:47:23.870,Male,45:35.9,White,Single,Icelandic,1.17
6C8AFF36-097D-4A50-BDBA-F7EB3743D5CD,5,02:18.9,19:29.5,1.0,METABOLIC: GLUCOSE,90.1,mg/dL,1944-12-05 00:47:23.870,Male,45:35.9,White,Single,Icelandic,1.17
