PatientID,AdmissionID_x,AdmissionStartDate,AdmissionEndDate,AdmissionID_y,LabName,LabValue,LabUnits,LabDateTime,PatientGender,PatientDateOfBirth,PatientRace,PatientMaritalStatus,PatientLanguage,PatientPopulationPercentageBelowPoverty
6D61FCA0-FEFE-4E08-981B-4D4322092F9E,1,44:18.3,13:09.5,1.0,CBC: ABSOLUTE NEUTROPHILS,68.2,%,1991-10-13 19:09:11.220,Female,43:43.1,White,Single,English,13.03
6D61FCA0-FEFE-4E08-981B-4D4322092F9E,2,35:33.8,17:06.2,1.0,CBC: ABSOLUTE NEUTROPHILS,68.2,%,1991-10-13 19:09:11.220,Female,43:43.1,White,Single,English,13.03
6D61FCA0-FEFE-4E08-981B-4D4322092F9E,3,56:54.3,28:25.8,1.0,CBC: ABSOLUTE NEUTROPHILS,68.2,%,1991-10-13 19:09:11.220,Female,43:43.1,White,Single,English,13.03
6D61FCA0-FEFE-4E08-981B-4D4322092F9E,4,17:45.9,32:42.9,1.0,CBC: ABSOLUTE NEUTROPHILS,68.2,%,1991-10-13 19:09:11.220,Female,43:43.1,White,Single,English,13.03
