PatientID,AdmissionID_x,AdmissionStartDate,AdmissionEndDate,AdmissionID_y,LabName,LabValue,LabUnits,LabDateTime,PatientGender,PatientDateOfBirth,PatientRace,PatientMaritalStatus,PatientLanguage,PatientPopulationPercentageBelowPoverty
0A731939-C7A6-4105-B043-7F0C1AD5D41A,1,50:49.3,09:45.5,1.0,METABOLIC: ALK PHOS,146.9,U/L,1959-08-03 12:21:47.803,Female,48:01.1,White,Married,English,11.27
0A731939-C7A6-4105-B043-7F0C1AD5D41A,2,09:16.5,39:30.7,1.0,METABOLIC: ALK PHOS,146.9,U/L,1959-08-03 12:21:47.803,Female,48:01.1,White,Married,English,11.27
0A731939-C7A6-4105-B043-7F0C1AD5D41A,3,08:40.4,50:14.4,1.0,METABOLIC: ALK PHOS,146.9,U/L,1959-08-03 12:21:47.803,Female,48:01.1,White,Married,English,11.27
0A731939-C7A6-4105-B043-7F0C1AD5D41A,4,01:51.5,19:39.4,1.0,METABOLIC: ALK PHOS,146.9,U/L,1959-08-03 12:21:47.803,Female,48:01.1,White,Married,English,11.27
0A731939-C7A6-4105-B043-7F0C1AD5D41A,5,55:31.3,55:56.7,1.0,METABOLIC: ALK PHOS,146.9,U/L,1959-08-03 12:21:47.803,Female,48:01.1,White,Married,English,11.27
