PatientID,AdmissionID_x,AdmissionStartDate,AdmissionEndDate,AdmissionID_y,LabName,LabValue,LabUnits,LabDateTime,PatientGender,PatientDateOfBirth,PatientRace,PatientMaritalStatus,PatientLanguage,PatientPopulationPercentageBelowPoverty
6D8CCDE3-4EE7-48A6-B8DB-0EDC766E5ECB,1,55:02.2,00:46.9,1.0,CBC: PLATELET COUNT,431.8,k/cumm,1946-05-28 10:51:57.887,Male,27:28.1,White,Divorced,English,11.71
6D8CCDE3-4EE7-48A6-B8DB-0EDC766E5ECB,2,27:22.3,14:06.2,1.0,CBC: PLATELET COUNT,431.8,k/cumm,1946-05-28 10:51:57.887,Male,27:28.1,White,Divorced,English,11.71
6D8CCDE3-4EE7-48A6-B8DB-0EDC766E5ECB,3,59:43.5,01:27.3,1.0,CBC: PLATELET COUNT,431.8,k/cumm,1946-05-28 10:51:57.887,Male,27:28.1,White,Divorced,English,11.71
6D8CCDE3-4EE7-48A6-B8DB-0EDC766E5ECB,4,23:27.8,29:27.8,1.0,CBC: PLATELET COUNT,431.8,k/cumm,1946-05-28 10:51:57.887,Male,27:28.1,White,Divorced,English,11.71
6D8CCDE3-4EE7-48A6-B8DB-0EDC766E5ECB,5,27:33.3,06:19.9,1.0,CBC: PLATELET COUNT,431.8,k/cumm,1946-05-28 10:51:57.887,Male,27:28.1,White,Divorced,English,11.71
6D8CCDE3-4EE7-48A6-B8DB-0EDC766E5ECB,6,05:26.4,34:12.3,1.0,CBC: PLATELET COUNT,431.8,k/cumm,1946-05-28 10:51:57.887,Male,27:28.1,White,Divorced,English,11.71
6D8CCDE3-4EE7-48A6-B8DB-0EDC766E5ECB,7,36:29.1,18:57.7,1.0,CBC: PLATELET COUNT,431.8,k/cumm,1946-05-28 10:51:57.887,Male,27:28.1,White,Divorced,English,11.71
