PatientID,AdmissionID_x,AdmissionStartDate,AdmissionEndDate,AdmissionID_y,LabName,LabValue,LabUnits,LabDateTime,PatientGender,PatientDateOfBirth,PatientRace,PatientMaritalStatus,PatientLanguage,PatientPopulationPercentageBelowPoverty
6D935424-B79C-453A-907A-8A89B43C4484,1,48:53.2,04:06.1,1.0,METABOLIC: POTASSIUM,3.8,mmol/L,1994-09-02 15:30:54.940,Male,23:09.8,Unknown,Married,English,11.55
6D935424-B79C-453A-907A-8A89B43C4484,2,22:02.5,03:20.0,1.0,METABOLIC: POTASSIUM,3.8,mmol/L,1994-09-02 15:30:54.940,Male,23:09.8,Unknown,Married,English,11.55
6D935424-B79C-453A-907A-8A89B43C4484,3,03:10.5,45:27.7,1.0,METABOLIC: POTASSIUM,3.8,mmol/L,1994-09-02 15:30:54.940,Male,23:09.8,Unknown,Married,English,11.55
6D935424-B79C-453A-907A-8A89B43C4484,4,02:45.5,25:45.0,1.0,METABOLIC: POTASSIUM,3.8,mmol/L,1994-09-02 15:30:54.940,Male,23:09.8,Unknown,Married,English,11.55
6D935424-B79C-453A-907A-8A89B43C4484,5,21:27.7,06:53.4,1.0,METABOLIC: POTASSIUM,3.8,mmol/L,1994-09-02 15:30:54.940,Male,23:09.8,Unknown,Married,English,11.55
