PatientID,AdmissionID_x,AdmissionStartDate,AdmissionEndDate,AdmissionID_y,LabName,LabValue,LabUnits,LabDateTime,PatientGender,PatientDateOfBirth,PatientRace,PatientMaritalStatus,PatientLanguage,PatientPopulationPercentageBelowPoverty
6E2F2D05-2C81-48E5-A579-BD085FF29859,1,06:22.8,55:08.4,1.0,CBC: LYMPHOCYTES,0.9,k/cumm,1997-03-08 01:59:31.157,Male,41:12.1,Unknown,Divorced,English,11.95
6E2F2D05-2C81-48E5-A579-BD085FF29859,2,43:41.6,18:48.1,1.0,CBC: LYMPHOCYTES,0.9,k/cumm,1997-03-08 01:59:31.157,Male,41:12.1,Unknown,Divorced,English,11.95
6E2F2D05-2C81-48E5-A579-BD085FF29859,3,51:20.3,50:01.2,1.0,CBC: LYMPHOCYTES,0.9,k/cumm,1997-03-08 01:59:31.157,Male,41:12.1,Unknown,Divorced,English,11.95
6E2F2D05-2C81-48E5-A579-BD085FF29859,4,38:50.7,56:55.6,1.0,CBC: LYMPHOCYTES,0.9,k/cumm,1997-03-08 01:59:31.157,Male,41:12.1,Unknown,Divorced,English,11.95
