PatientID,AdmissionID_x,AdmissionStartDate,AdmissionEndDate,AdmissionID_y,LabName,LabValue,LabUnits,LabDateTime,PatientGender,PatientDateOfBirth,PatientRace,PatientMaritalStatus,PatientLanguage,PatientPopulationPercentageBelowPoverty
6E636E12-72E4-4AB4-BB60-0BF540657942,1,01:55.1,11:04.8,1.0,URINALYSIS: PH,5.3,no unit,1970-01-13 15:57:10.810,Male,53:21.6,White,Single,English,13.47
6E636E12-72E4-4AB4-BB60-0BF540657942,2,35:31.6,35:39.7,1.0,URINALYSIS: PH,5.3,no unit,1970-01-13 15:57:10.810,Male,53:21.6,White,Single,English,13.47
6E636E12-72E4-4AB4-BB60-0BF540657942,3,32:47.0,57:26.4,1.0,URINALYSIS: PH,5.3,no unit,1970-01-13 15:57:10.810,Male,53:21.6,White,Single,English,13.47
6E636E12-72E4-4AB4-BB60-0BF540657942,4,29:23.8,20:25.9,1.0,URINALYSIS: PH,5.3,no unit,1970-01-13 15:57:10.810,Male,53:21.6,White,Single,English,13.47
6E636E12-72E4-4AB4-BB60-0BF540657942,5,24:13.3,53:04.8,1.0,URINALYSIS: PH,5.3,no unit,1970-01-13 15:57:10.810,Male,53:21.6,White,Single,English,13.47
6E636E12-72E4-4AB4-BB60-0BF540657942,6,28:03.7,42:00.5,1.0,URINALYSIS: PH,5.3,no unit,1970-01-13 15:57:10.810,Male,53:21.6,White,Single,English,13.47
6E636E12-72E4-4AB4-BB60-0BF540657942,7,58:16.9,18:16.1,1.0,URINALYSIS: PH,5.3,no unit,1970-01-13 15:57:10.810,Male,53:21.6,White,Single,English,13.47
