PatientID,AdmissionID_x,AdmissionStartDate,AdmissionEndDate,AdmissionID_y,LabName,LabValue,LabUnits,LabDateTime,PatientGender,PatientDateOfBirth,PatientRace,PatientMaritalStatus,PatientLanguage,PatientPopulationPercentageBelowPoverty
6E8D4BF2-2B8F-43F8-AC1E-1BDB633BFCC7,1,35:50.5,51:06.1,1.0,CBC: MEAN CORPUSCULAR VOLUME,70.3,fl,1992-05-11 06:28:14.333,Male,00:17.5,Unknown,Unknown,English,15.04
6E8D4BF2-2B8F-43F8-AC1E-1BDB633BFCC7,2,28:46.1,26:22.5,1.0,CBC: MEAN CORPUSCULAR VOLUME,70.3,fl,1992-05-11 06:28:14.333,Male,00:17.5,Unknown,Unknown,English,15.04
6E8D4BF2-2B8F-43F8-AC1E-1BDB633BFCC7,3,17:50.7,01:08.0,1.0,CBC: MEAN CORPUSCULAR VOLUME,70.3,fl,1992-05-11 06:28:14.333,Male,00:17.5,Unknown,Unknown,English,15.04
6E8D4BF2-2B8F-43F8-AC1E-1BDB633BFCC7,4,29:40.5,40:01.6,1.0,CBC: MEAN CORPUSCULAR VOLUME,70.3,fl,1992-05-11 06:28:14.333,Male,00:17.5,Unknown,Unknown,English,15.04
