PatientID,AdmissionID_x,AdmissionStartDate,AdmissionEndDate,AdmissionID_y,LabName,LabValue,LabUnits,LabDateTime,PatientGender,PatientDateOfBirth,PatientRace,PatientMaritalStatus,PatientLanguage,PatientPopulationPercentageBelowPoverty
70DC0BE3-B6A4-494C-997E-B148F501C4BB,1,50:24.0,01:11.8,1.0,METABOLIC: AST/SGOT,40.3,U/L,1960-03-06 03:50:26.457,Female,26:50.0,African American,Divorced,English,15.27
70DC0BE3-B6A4-494C-997E-B148F501C4BB,2,40:33.3,58:56.4,1.0,METABOLIC: AST/SGOT,40.3,U/L,1960-03-06 03:50:26.457,Female,26:50.0,African American,Divorced,English,15.27
70DC0BE3-B6A4-494C-997E-B148F501C4BB,3,37:59.7,52:31.4,1.0,METABOLIC: AST/SGOT,40.3,U/L,1960-03-06 03:50:26.457,Female,26:50.0,African American,Divorced,English,15.27
70DC0BE3-B6A4-494C-997E-B148F501C4BB,4,24:00.6,23:46.7,1.0,METABOLIC: AST/SGOT,40.3,U/L,1960-03-06 03:50:26.457,Female,26:50.0,African American,Divorced,English,15.27
70DC0BE3-B6A4-494C-997E-B148F501C4BB,5,45:14.6,16:28.6,1.0,METABOLIC: AST/SGOT,40.3,U/L,1960-03-06 03:50:26.457,Female,26:50.0,African American,Divorced,English,15.27
70DC0BE3-B6A4-494C-997E-B148F501C4BB,6,40:46.9,01:16.7,1.0,METABOLIC: AST/SGOT,40.3,U/L,1960-03-06 03:50:26.457,Female,26:50.0,African American,Divorced,English,15.27
70DC0BE3-B6A4-494C-997E-B148F501C4BB,7,21:27.0,31:47.6,1.0,METABOLIC: AST/SGOT,40.3,U/L,1960-03-06 03:50:26.457,Female,26:50.0,African American,Divorced,English,15.27
70DC0BE3-B6A4-494C-997E-B148F501C4BB,8,27:02.0,29:52.6,1.0,METABOLIC: AST/SGOT,40.3,U/L,1960-03-06 03:50:26.457,Female,26:50.0,African American,Divorced,English,15.27
70DC0BE3-B6A4-494C-997E-B148F501C4BB,9,18:26.3,10:38.4,1.0,METABOLIC: AST/SGOT,40.3,U/L,1960-03-06 03:50:26.457,Female,26:50.0,African American,Divorced,English,15.27
