PatientID,AdmissionID_x,AdmissionStartDate,AdmissionEndDate,AdmissionID_y,LabName,LabValue,LabUnits,LabDateTime,PatientGender,PatientDateOfBirth,PatientRace,PatientMaritalStatus,PatientLanguage,PatientPopulationPercentageBelowPoverty
711B4525-CCAD-4128-93E2-850973A68522,1,53:31.0,32:15.0,1.0,METABOLIC: BUN,27.7,mg/dL,1968-11-19 09:15:51.197,Female,12:37.8,African American,Married,Spanish,14.37
711B4525-CCAD-4128-93E2-850973A68522,2,53:04.7,37:29.9,1.0,METABOLIC: BUN,27.7,mg/dL,1968-11-19 09:15:51.197,Female,12:37.8,African American,Married,Spanish,14.37
711B4525-CCAD-4128-93E2-850973A68522,3,13:09.2,51:03.4,1.0,METABOLIC: BUN,27.7,mg/dL,1968-11-19 09:15:51.197,Female,12:37.8,African American,Married,Spanish,14.37
711B4525-CCAD-4128-93E2-850973A68522,4,05:39.3,25:14.7,1.0,METABOLIC: BUN,27.7,mg/dL,1968-11-19 09:15:51.197,Female,12:37.8,African American,Married,Spanish,14.37
711B4525-CCAD-4128-93E2-850973A68522,5,22:52.9,27:17.0,1.0,METABOLIC: BUN,27.7,mg/dL,1968-11-19 09:15:51.197,Female,12:37.8,African American,Married,Spanish,14.37
711B4525-CCAD-4128-93E2-850973A68522,6,32:40.0,46:18.6,1.0,METABOLIC: BUN,27.7,mg/dL,1968-11-19 09:15:51.197,Female,12:37.8,African American,Married,Spanish,14.37
711B4525-CCAD-4128-93E2-850973A68522,7,09:48.2,04:14.1,1.0,METABOLIC: BUN,27.7,mg/dL,1968-11-19 09:15:51.197,Female,12:37.8,African American,Married,Spanish,14.37
