PatientID,AdmissionID_x,AdmissionStartDate,AdmissionEndDate,AdmissionID_y,LabName,LabValue,LabUnits,LabDateTime,PatientGender,PatientDateOfBirth,PatientRace,PatientMaritalStatus,PatientLanguage,PatientPopulationPercentageBelowPoverty
718598CD-D14F-44C7-A29C-4CD674203B6A,1,27:34.8,07:32.2,1.0,METABOLIC: CHLORIDE,100.9,mmol/L,1952-02-04 16:59:44.197,Female,58:32.6,Unknown,Married,Spanish,16.04
718598CD-D14F-44C7-A29C-4CD674203B6A,2,53:51.9,43:12.3,1.0,METABOLIC: CHLORIDE,100.9,mmol/L,1952-02-04 16:59:44.197,Female,58:32.6,Unknown,Married,Spanish,16.04
718598CD-D14F-44C7-A29C-4CD674203B6A,3,42:33.3,05:28.3,1.0,METABOLIC: CHLORIDE,100.9,mmol/L,1952-02-04 16:59:44.197,Female,58:32.6,Unknown,Married,Spanish,16.04
718598CD-D14F-44C7-A29C-4CD674203B6A,4,41:08.2,30:01.9,1.0,METABOLIC: CHLORIDE,100.9,mmol/L,1952-02-04 16:59:44.197,Female,58:32.6,Unknown,Married,Spanish,16.04
718598CD-D14F-44C7-A29C-4CD674203B6A,5,26:33.5,34:02.9,1.0,METABOLIC: CHLORIDE,100.9,mmol/L,1952-02-04 16:59:44.197,Female,58:32.6,Unknown,Married,Spanish,16.04
718598CD-D14F-44C7-A29C-4CD674203B6A,6,12:37.4,26:00.9,1.0,METABOLIC: CHLORIDE,100.9,mmol/L,1952-02-04 16:59:44.197,Female,58:32.6,Unknown,Married,Spanish,16.04
