PatientID,AdmissionID_x,AdmissionStartDate,AdmissionEndDate,AdmissionID_y,LabName,LabValue,LabUnits,LabDateTime,PatientGender,PatientDateOfBirth,PatientRace,PatientMaritalStatus,PatientLanguage,PatientPopulationPercentageBelowPoverty
730C4226-AC4C-4E17-B23C-2B57E08D7871,1,40:52.4,11:18.5,1.0,METABOLIC: CARBON DIOXIDE,26.3,mmol/L,1968-12-09 00:18:44.967,Female,42:13.8,Unknown,Single,English,10.66
730C4226-AC4C-4E17-B23C-2B57E08D7871,2,53:15.7,04:30.0,1.0,METABOLIC: CARBON DIOXIDE,26.3,mmol/L,1968-12-09 00:18:44.967,Female,42:13.8,Unknown,Single,English,10.66
730C4226-AC4C-4E17-B23C-2B57E08D7871,3,48:41.2,20:46.3,1.0,METABOLIC: CARBON DIOXIDE,26.3,mmol/L,1968-12-09 00:18:44.967,Female,42:13.8,Unknown,Single,English,10.66
730C4226-AC4C-4E17-B23C-2B57E08D7871,4,42:26.4,50:31.1,1.0,METABOLIC: CARBON DIOXIDE,26.3,mmol/L,1968-12-09 00:18:44.967,Female,42:13.8,Unknown,Single,English,10.66
730C4226-AC4C-4E17-B23C-2B57E08D7871,5,12:05.5,45:50.7,1.0,METABOLIC: CARBON DIOXIDE,26.3,mmol/L,1968-12-09 00:18:44.967,Female,42:13.8,Unknown,Single,English,10.66
