PatientID,AdmissionID_x,AdmissionStartDate,AdmissionEndDate,AdmissionID_y,LabName,LabValue,LabUnits,LabDateTime,PatientGender,PatientDateOfBirth,PatientRace,PatientMaritalStatus,PatientLanguage,PatientPopulationPercentageBelowPoverty
73D24DC0-9055-47F5-877C-A48E54AB47B2,1,57:59.4,53:25.0,1.0,METABOLIC: ANION GAP,11.3,mmol/L,1962-10-22 07:31:30.540,Female,24:00.0,Asian,Single,English,17.89
73D24DC0-9055-47F5-877C-A48E54AB47B2,2,52:59.6,46:17.8,1.0,METABOLIC: ANION GAP,11.3,mmol/L,1962-10-22 07:31:30.540,Female,24:00.0,Asian,Single,English,17.89
73D24DC0-9055-47F5-877C-A48E54AB47B2,3,01:40.7,33:28.4,1.0,METABOLIC: ANION GAP,11.3,mmol/L,1962-10-22 07:31:30.540,Female,24:00.0,Asian,Single,English,17.89
73D24DC0-9055-47F5-877C-A48E54AB47B2,4,47:35.5,02:40.3,1.0,METABOLIC: ANION GAP,11.3,mmol/L,1962-10-22 07:31:30.540,Female,24:00.0,Asian,Single,English,17.89
73D24DC0-9055-47F5-877C-A48E54AB47B2,5,44:27.0,36:35.3,1.0,METABOLIC: ANION GAP,11.3,mmol/L,1962-10-22 07:31:30.540,Female,24:00.0,Asian,Single,English,17.89
73D24DC0-9055-47F5-877C-A48E54AB47B2,6,55:15.6,36:56.0,1.0,METABOLIC: ANION GAP,11.3,mmol/L,1962-10-22 07:31:30.540,Female,24:00.0,Asian,Single,English,17.89
73D24DC0-9055-47F5-877C-A48E54AB47B2,7,50:02.1,50:29.1,1.0,METABOLIC: ANION GAP,11.3,mmol/L,1962-10-22 07:31:30.540,Female,24:00.0,Asian,Single,English,17.89
