PatientID,AdmissionID_x,AdmissionStartDate,AdmissionEndDate,AdmissionID_y,LabName,LabValue,LabUnits,LabDateTime,PatientGender,PatientDateOfBirth,PatientRace,PatientMaritalStatus,PatientLanguage,PatientPopulationPercentageBelowPoverty
74A337AC-196E-4D38-8436-E6EFD1B62546,1,47:08.2,57:53.5,1.0,METABOLIC: GLUCOSE,65.2,mg/dL,1982-05-31 04:16:46.357,Male,15:02.5,White,Divorced,English,2.5
74A337AC-196E-4D38-8436-E6EFD1B62546,2,09:12.8,08:31.9,1.0,METABOLIC: GLUCOSE,65.2,mg/dL,1982-05-31 04:16:46.357,Male,15:02.5,White,Divorced,English,2.5
74A337AC-196E-4D38-8436-E6EFD1B62546,3,57:40.9,44:26.2,1.0,METABOLIC: GLUCOSE,65.2,mg/dL,1982-05-31 04:16:46.357,Male,15:02.5,White,Divorced,English,2.5
74A337AC-196E-4D38-8436-E6EFD1B62546,4,24:03.2,34:13.9,1.0,METABOLIC: GLUCOSE,65.2,mg/dL,1982-05-31 04:16:46.357,Male,15:02.5,White,Divorced,English,2.5
74A337AC-196E-4D38-8436-E6EFD1B62546,5,25:45.1,24:26.0,1.0,METABOLIC: GLUCOSE,65.2,mg/dL,1982-05-31 04:16:46.357,Male,15:02.5,White,Divorced,English,2.5
74A337AC-196E-4D38-8436-E6EFD1B62546,6,13:59.4,24:14.4,1.0,METABOLIC: GLUCOSE,65.2,mg/dL,1982-05-31 04:16:46.357,Male,15:02.5,White,Divorced,English,2.5
