PatientID,AdmissionID_x,AdmissionStartDate,AdmissionEndDate,AdmissionID_y,LabName,LabValue,LabUnits,LabDateTime,PatientGender,PatientDateOfBirth,PatientRace,PatientMaritalStatus,PatientLanguage,PatientPopulationPercentageBelowPoverty
75E2A410-6B84-4F88-B23B-D8715B95C8A5,1,58:11.7,57:12.5,1.0,METABOLIC: POTASSIUM,3.2,mmol/L,1963-04-19 03:37:44.663,Male,25:53.5,White,Married,Unknown,10.73
75E2A410-6B84-4F88-B23B-D8715B95C8A5,2,23:42.4,45:31.7,1.0,METABOLIC: POTASSIUM,3.2,mmol/L,1963-04-19 03:37:44.663,Male,25:53.5,White,Married,Unknown,10.73
75E2A410-6B84-4F88-B23B-D8715B95C8A5,3,09:00.3,51:24.8,1.0,METABOLIC: POTASSIUM,3.2,mmol/L,1963-04-19 03:37:44.663,Male,25:53.5,White,Married,Unknown,10.73
75E2A410-6B84-4F88-B23B-D8715B95C8A5,4,24:59.1,02:14.0,1.0,METABOLIC: POTASSIUM,3.2,mmol/L,1963-04-19 03:37:44.663,Male,25:53.5,White,Married,Unknown,10.73
75E2A410-6B84-4F88-B23B-D8715B95C8A5,5,52:27.9,17:58.3,1.0,METABOLIC: POTASSIUM,3.2,mmol/L,1963-04-19 03:37:44.663,Male,25:53.5,White,Married,Unknown,10.73
