PatientID,AdmissionID_x,AdmissionStartDate,AdmissionEndDate,AdmissionID_y,LabName,LabValue,LabUnits,LabDateTime,PatientGender,PatientDateOfBirth,PatientRace,PatientMaritalStatus,PatientLanguage,PatientPopulationPercentageBelowPoverty
0C0A7C98-C1FF-4427-B7A5-C4A724540CF4,1,25:23.5,29:24.1,1.0,CBC: RDW,10.5,%,1974-06-10 05:17:23.037,Male,38:52.1,Asian,Married,English,94.61
0C0A7C98-C1FF-4427-B7A5-C4A724540CF4,2,39:29.8,55:47.0,1.0,CBC: RDW,10.5,%,1974-06-10 05:17:23.037,Male,38:52.1,Asian,Married,English,94.61
0C0A7C98-C1FF-4427-B7A5-C4A724540CF4,3,13:53.8,11:07.5,1.0,CBC: RDW,10.5,%,1974-06-10 05:17:23.037,Male,38:52.1,Asian,Married,English,94.61
0C0A7C98-C1FF-4427-B7A5-C4A724540CF4,4,32:07.2,58:09.3,1.0,CBC: RDW,10.5,%,1974-06-10 05:17:23.037,Male,38:52.1,Asian,Married,English,94.61
0C0A7C98-C1FF-4427-B7A5-C4A724540CF4,5,21:12.3,15:04.6,1.0,CBC: RDW,10.5,%,1974-06-10 05:17:23.037,Male,38:52.1,Asian,Married,English,94.61
