PatientID,AdmissionID_x,AdmissionStartDate,AdmissionEndDate,AdmissionID_y,LabName,LabValue,LabUnits,LabDateTime,PatientGender,PatientDateOfBirth,PatientRace,PatientMaritalStatus,PatientLanguage,PatientPopulationPercentageBelowPoverty
780108C4-A5C1-4C73-9D27-3CEC8329C87E,1,28:40.5,39:18.7,1.0,CBC: HEMATOCRIT,43.5,%,1968-04-09 21:59:27.213,Male,42:35.0,Asian,Married,English,12.3
780108C4-A5C1-4C73-9D27-3CEC8329C87E,2,22:47.7,06:22.9,1.0,CBC: HEMATOCRIT,43.5,%,1968-04-09 21:59:27.213,Male,42:35.0,Asian,Married,English,12.3
780108C4-A5C1-4C73-9D27-3CEC8329C87E,3,07:41.2,01:49.7,1.0,CBC: HEMATOCRIT,43.5,%,1968-04-09 21:59:27.213,Male,42:35.0,Asian,Married,English,12.3
780108C4-A5C1-4C73-9D27-3CEC8329C87E,4,57:15.8,00:28.2,1.0,CBC: HEMATOCRIT,43.5,%,1968-04-09 21:59:27.213,Male,42:35.0,Asian,Married,English,12.3
780108C4-A5C1-4C73-9D27-3CEC8329C87E,5,47:51.3,04:33.4,1.0,CBC: HEMATOCRIT,43.5,%,1968-04-09 21:59:27.213,Male,42:35.0,Asian,Married,English,12.3
