PatientID,AdmissionID_x,AdmissionStartDate,AdmissionEndDate,AdmissionID_y,LabName,LabValue,LabUnits,LabDateTime,PatientGender,PatientDateOfBirth,PatientRace,PatientMaritalStatus,PatientLanguage,PatientPopulationPercentageBelowPoverty
7A0B2E20-B7B1-48FF-88B0-75466D346AE9,1,00:05.0,26:50.5,1.0,METABOLIC: BUN,22.9,mg/dL,1963-04-20 07:25:16.037,Female,22:05.4,White,Single,Icelandic,16.67
7A0B2E20-B7B1-48FF-88B0-75466D346AE9,2,02:04.6,31:14.6,1.0,METABOLIC: BUN,22.9,mg/dL,1963-04-20 07:25:16.037,Female,22:05.4,White,Single,Icelandic,16.67
7A0B2E20-B7B1-48FF-88B0-75466D346AE9,3,59:39.9,45:00.0,1.0,METABOLIC: BUN,22.9,mg/dL,1963-04-20 07:25:16.037,Female,22:05.4,White,Single,Icelandic,16.67
7A0B2E20-B7B1-48FF-88B0-75466D346AE9,4,30:17.3,01:13.8,1.0,METABOLIC: BUN,22.9,mg/dL,1963-04-20 07:25:16.037,Female,22:05.4,White,Single,Icelandic,16.67
7A0B2E20-B7B1-48FF-88B0-75466D346AE9,5,06:44.8,30:40.7,1.0,METABOLIC: BUN,22.9,mg/dL,1963-04-20 07:25:16.037,Female,22:05.4,White,Single,Icelandic,16.67
7A0B2E20-B7B1-48FF-88B0-75466D346AE9,6,08:31.6,34:35.8,1.0,METABOLIC: BUN,22.9,mg/dL,1963-04-20 07:25:16.037,Female,22:05.4,White,Single,Icelandic,16.67
