PatientID,AdmissionID_x,AdmissionStartDate,AdmissionEndDate,AdmissionID_y,LabName,LabValue,LabUnits,LabDateTime,PatientGender,PatientDateOfBirth,PatientRace,PatientMaritalStatus,PatientLanguage,PatientPopulationPercentageBelowPoverty
0CAC04C2-0DF3-4228-B1AD-D9100D250DA7,1,57:44.8,20:46.9,1.0,METABOLIC: CARBON DIOXIDE,26.6,mmol/L,1977-01-12 19:20:39.780,Male,44:21.9,White,Married,English,0.8
0CAC04C2-0DF3-4228-B1AD-D9100D250DA7,2,24:03.1,01:09.5,1.0,METABOLIC: CARBON DIOXIDE,26.6,mmol/L,1977-01-12 19:20:39.780,Male,44:21.9,White,Married,English,0.8
0CAC04C2-0DF3-4228-B1AD-D9100D250DA7,3,55:16.7,31:34.7,1.0,METABOLIC: CARBON DIOXIDE,26.6,mmol/L,1977-01-12 19:20:39.780,Male,44:21.9,White,Married,English,0.8
0CAC04C2-0DF3-4228-B1AD-D9100D250DA7,4,14:31.3,21:27.4,1.0,METABOLIC: CARBON DIOXIDE,26.6,mmol/L,1977-01-12 19:20:39.780,Male,44:21.9,White,Married,English,0.8
0CAC04C2-0DF3-4228-B1AD-D9100D250DA7,5,10:44.8,41:12.9,1.0,METABOLIC: CARBON DIOXIDE,26.6,mmol/L,1977-01-12 19:20:39.780,Male,44:21.9,White,Married,English,0.8
