PatientID,AdmissionID_x,AdmissionStartDate,AdmissionEndDate,AdmissionID_y,LabName,LabValue,LabUnits,LabDateTime,PatientGender,PatientDateOfBirth,PatientRace,PatientMaritalStatus,PatientLanguage,PatientPopulationPercentageBelowPoverty
7AE071D4-818C-47AE-A631-C126CCE18083,1,09:44.6,32:51.2,1.0,METABOLIC: AST/SGOT,17.7,U/L,1980-05-27 00:53:46.887,Male,20:41.9,Asian,Unknown,English,12.23
7AE071D4-818C-47AE-A631-C126CCE18083,2,08:09.8,02:55.2,1.0,METABOLIC: AST/SGOT,17.7,U/L,1980-05-27 00:53:46.887,Male,20:41.9,Asian,Unknown,English,12.23
7AE071D4-818C-47AE-A631-C126CCE18083,3,37:28.9,52:45.9,1.0,METABOLIC: AST/SGOT,17.7,U/L,1980-05-27 00:53:46.887,Male,20:41.9,Asian,Unknown,English,12.23
7AE071D4-818C-47AE-A631-C126CCE18083,4,49:52.3,41:11.0,1.0,METABOLIC: AST/SGOT,17.7,U/L,1980-05-27 00:53:46.887,Male,20:41.9,Asian,Unknown,English,12.23
7AE071D4-818C-47AE-A631-C126CCE18083,5,44:37.6,56:22.9,1.0,METABOLIC: AST/SGOT,17.7,U/L,1980-05-27 00:53:46.887,Male,20:41.9,Asian,Unknown,English,12.23
7AE071D4-818C-47AE-A631-C126CCE18083,6,18:38.0,40:43.7,1.0,METABOLIC: AST/SGOT,17.7,U/L,1980-05-27 00:53:46.887,Male,20:41.9,Asian,Unknown,English,12.23
