PatientID,AdmissionID_x,AdmissionStartDate,AdmissionEndDate,AdmissionID_y,LabName,LabValue,LabUnits,LabDateTime,PatientGender,PatientDateOfBirth,PatientRace,PatientMaritalStatus,PatientLanguage,PatientPopulationPercentageBelowPoverty
7AF4E349-2058-40C5-913A-ED4E6B35727A,1,57:41.2,39:59.5,1.0,METABOLIC: CREATININE,0.6,mg/dL,1995-09-11 15:14:55.900,Male,51:51.8,White,Unknown,Spanish,16.97
7AF4E349-2058-40C5-913A-ED4E6B35727A,2,39:44.5,15:09.5,1.0,METABOLIC: CREATININE,0.6,mg/dL,1995-09-11 15:14:55.900,Male,51:51.8,White,Unknown,Spanish,16.97
7AF4E349-2058-40C5-913A-ED4E6B35727A,3,08:06.7,04:27.4,1.0,METABOLIC: CREATININE,0.6,mg/dL,1995-09-11 15:14:55.900,Male,51:51.8,White,Unknown,Spanish,16.97
7AF4E349-2058-40C5-913A-ED4E6B35727A,4,16:17.1,11:41.9,1.0,METABOLIC: CREATININE,0.6,mg/dL,1995-09-11 15:14:55.900,Male,51:51.8,White,Unknown,Spanish,16.97
