PatientID,AdmissionID_x,AdmissionStartDate,AdmissionEndDate,AdmissionID_y,LabName,LabValue,LabUnits,LabDateTime,PatientGender,PatientDateOfBirth,PatientRace,PatientMaritalStatus,PatientLanguage,PatientPopulationPercentageBelowPoverty
0D255671-7F49-4EC9-BA5F-8331D67E2E63,1,19:44.9,11:36.7,1.0,CBC: HEMATOCRIT,40.6,%,1996-09-24 07:13:12.983,Female,24:03.6,Unknown,Single,English,18.34
0D255671-7F49-4EC9-BA5F-8331D67E2E63,2,17:53.9,39:35.5,1.0,CBC: HEMATOCRIT,40.6,%,1996-09-24 07:13:12.983,Female,24:03.6,Unknown,Single,English,18.34
0D255671-7F49-4EC9-BA5F-8331D67E2E63,3,00:58.3,15:45.3,1.0,CBC: HEMATOCRIT,40.6,%,1996-09-24 07:13:12.983,Female,24:03.6,Unknown,Single,English,18.34
0D255671-7F49-4EC9-BA5F-8331D67E2E63,4,15:01.8,57:23.9,1.0,CBC: HEMATOCRIT,40.6,%,1996-09-24 07:13:12.983,Female,24:03.6,Unknown,Single,English,18.34
