PatientID,AdmissionID_x,AdmissionStartDate,AdmissionEndDate,AdmissionID_y,LabName,LabValue,LabUnits,LabDateTime,PatientGender,PatientDateOfBirth,PatientRace,PatientMaritalStatus,PatientLanguage,PatientPopulationPercentageBelowPoverty
7D649B00-6C12-4DA5-B5DF-56FF7C77175F,1,26:58.0,23:42.3,1.0,METABOLIC: SODIUM,128.2,mmol/L,1978-03-29 21:41:17.883,Male,52:18.8,White,Married,English,17.9
7D649B00-6C12-4DA5-B5DF-56FF7C77175F,2,31:13.6,36:48.8,1.0,METABOLIC: SODIUM,128.2,mmol/L,1978-03-29 21:41:17.883,Male,52:18.8,White,Married,English,17.9
7D649B00-6C12-4DA5-B5DF-56FF7C77175F,3,04:22.7,02:45.3,1.0,METABOLIC: SODIUM,128.2,mmol/L,1978-03-29 21:41:17.883,Male,52:18.8,White,Married,English,17.9
7D649B00-6C12-4DA5-B5DF-56FF7C77175F,4,28:11.7,38:38.7,1.0,METABOLIC: SODIUM,128.2,mmol/L,1978-03-29 21:41:17.883,Male,52:18.8,White,Married,English,17.9
7D649B00-6C12-4DA5-B5DF-56FF7C77175F,5,02:08.4,47:06.9,1.0,METABOLIC: SODIUM,128.2,mmol/L,1978-03-29 21:41:17.883,Male,52:18.8,White,Married,English,17.9
7D649B00-6C12-4DA5-B5DF-56FF7C77175F,6,31:57.7,32:22.5,1.0,METABOLIC: SODIUM,128.2,mmol/L,1978-03-29 21:41:17.883,Male,52:18.8,White,Married,English,17.9
