PatientID,AdmissionID_x,AdmissionStartDate,AdmissionEndDate,AdmissionID_y,LabName,LabValue,LabUnits,LabDateTime,PatientGender,PatientDateOfBirth,PatientRace,PatientMaritalStatus,PatientLanguage,PatientPopulationPercentageBelowPoverty
7EBB26AF-0FA1-4DEA-9793-3139D1341347,1,19:41.7,37:40.8,1.0,METABOLIC: ALT/SGPT,16.9,U/L,1967-04-03 09:51:54.307,Female,05:26.1,Unknown,Married,English,98.38
7EBB26AF-0FA1-4DEA-9793-3139D1341347,2,44:04.4,24:30.6,1.0,METABOLIC: ALT/SGPT,16.9,U/L,1967-04-03 09:51:54.307,Female,05:26.1,Unknown,Married,English,98.38
7EBB26AF-0FA1-4DEA-9793-3139D1341347,3,15:18.9,11:01.3,1.0,METABOLIC: ALT/SGPT,16.9,U/L,1967-04-03 09:51:54.307,Female,05:26.1,Unknown,Married,English,98.38
7EBB26AF-0FA1-4DEA-9793-3139D1341347,4,27:22.8,12:01.4,1.0,METABOLIC: ALT/SGPT,16.9,U/L,1967-04-03 09:51:54.307,Female,05:26.1,Unknown,Married,English,98.38
7EBB26AF-0FA1-4DEA-9793-3139D1341347,5,08:55.2,00:07.4,1.0,METABOLIC: ALT/SGPT,16.9,U/L,1967-04-03 09:51:54.307,Female,05:26.1,Unknown,Married,English,98.38
7EBB26AF-0FA1-4DEA-9793-3139D1341347,6,29:48.6,59:15.0,1.0,METABOLIC: ALT/SGPT,16.9,U/L,1967-04-03 09:51:54.307,Female,05:26.1,Unknown,Married,English,98.38
