PatientID,AdmissionID_x,AdmissionStartDate,AdmissionEndDate,AdmissionID_y,LabName,LabValue,LabUnits,LabDateTime,PatientGender,PatientDateOfBirth,PatientRace,PatientMaritalStatus,PatientLanguage,PatientPopulationPercentageBelowPoverty
80537FFD-4809-4188-9479-5555BD2D738E,1,00:34.1,16:46.0,1.0,CBC: RED BLOOD CELL COUNT,5.2,m/cumm,1996-06-28 13:38:17.520,Male,44:59.8,White,Married,Icelandic,10.91
80537FFD-4809-4188-9479-5555BD2D738E,2,27:05.0,40:27.0,1.0,CBC: RED BLOOD CELL COUNT,5.2,m/cumm,1996-06-28 13:38:17.520,Male,44:59.8,White,Married,Icelandic,10.91
80537FFD-4809-4188-9479-5555BD2D738E,3,50:00.5,35:09.7,1.0,CBC: RED BLOOD CELL COUNT,5.2,m/cumm,1996-06-28 13:38:17.520,Male,44:59.8,White,Married,Icelandic,10.91
80537FFD-4809-4188-9479-5555BD2D738E,4,35:07.7,13:06.2,1.0,CBC: RED BLOOD CELL COUNT,5.2,m/cumm,1996-06-28 13:38:17.520,Male,44:59.8,White,Married,Icelandic,10.91
80537FFD-4809-4188-9479-5555BD2D738E,5,37:18.8,33:15.5,1.0,CBC: RED BLOOD CELL COUNT,5.2,m/cumm,1996-06-28 13:38:17.520,Male,44:59.8,White,Married,Icelandic,10.91
80537FFD-4809-4188-9479-5555BD2D738E,6,07:05.3,25:16.5,1.0,CBC: RED BLOOD CELL COUNT,5.2,m/cumm,1996-06-28 13:38:17.520,Male,44:59.8,White,Married,Icelandic,10.91
