PatientID,AdmissionID_x,AdmissionStartDate,AdmissionEndDate,AdmissionID_y,LabName,LabValue,LabUnits,LabDateTime,PatientGender,PatientDateOfBirth,PatientRace,PatientMaritalStatus,PatientLanguage,PatientPopulationPercentageBelowPoverty
81C33976-2626-4771-9EA4-70BCB0EE7325,1,40:53.2,51:59.0,1.0,METABOLIC: CARBON DIOXIDE,33.2,mmol/L,1977-08-15 20:38:47.757,Male,59:33.2,White,Married,Icelandic,10.96
81C33976-2626-4771-9EA4-70BCB0EE7325,2,43:04.8,23:39.4,1.0,METABOLIC: CARBON DIOXIDE,33.2,mmol/L,1977-08-15 20:38:47.757,Male,59:33.2,White,Married,Icelandic,10.96
81C33976-2626-4771-9EA4-70BCB0EE7325,3,55:14.1,57:18.6,1.0,METABOLIC: CARBON DIOXIDE,33.2,mmol/L,1977-08-15 20:38:47.757,Male,59:33.2,White,Married,Icelandic,10.96
81C33976-2626-4771-9EA4-70BCB0EE7325,4,36:42.9,13:59.0,1.0,METABOLIC: CARBON DIOXIDE,33.2,mmol/L,1977-08-15 20:38:47.757,Male,59:33.2,White,Married,Icelandic,10.96
81C33976-2626-4771-9EA4-70BCB0EE7325,5,36:09.8,54:39.4,1.0,METABOLIC: CARBON DIOXIDE,33.2,mmol/L,1977-08-15 20:38:47.757,Male,59:33.2,White,Married,Icelandic,10.96
