PatientID,AdmissionID_x,AdmissionStartDate,AdmissionEndDate,AdmissionID_y,LabName,LabValue,LabUnits,LabDateTime,PatientGender,PatientDateOfBirth,PatientRace,PatientMaritalStatus,PatientLanguage,PatientPopulationPercentageBelowPoverty
0D7DBA81-B59C-41B2-A72B-00C2FDA67740,1,52:59.9,07:37.6,1.0,CBC: HEMATOCRIT,31.5,%,1985-08-17 08:42:31.597,Male,15:50.3,Unknown,Married,English,97.63
0D7DBA81-B59C-41B2-A72B-00C2FDA67740,2,47:36.8,19:40.3,1.0,CBC: HEMATOCRIT,31.5,%,1985-08-17 08:42:31.597,Male,15:50.3,Unknown,Married,English,97.63
0D7DBA81-B59C-41B2-A72B-00C2FDA67740,3,27:54.2,24:11.9,1.0,CBC: HEMATOCRIT,31.5,%,1985-08-17 08:42:31.597,Male,15:50.3,Unknown,Married,English,97.63
0D7DBA81-B59C-41B2-A72B-00C2FDA67740,4,29:31.9,58:08.0,1.0,CBC: HEMATOCRIT,31.5,%,1985-08-17 08:42:31.597,Male,15:50.3,Unknown,Married,English,97.63
0D7DBA81-B59C-41B2-A72B-00C2FDA67740,5,57:34.1,40:02.2,1.0,CBC: HEMATOCRIT,31.5,%,1985-08-17 08:42:31.597,Male,15:50.3,Unknown,Married,English,97.63
