PatientID,AdmissionID_x,AdmissionStartDate,AdmissionEndDate,AdmissionID_y,LabName,LabValue,LabUnits,LabDateTime,PatientGender,PatientDateOfBirth,PatientRace,PatientMaritalStatus,PatientLanguage,PatientPopulationPercentageBelowPoverty
8400F870-DF81-4C4F-9843-8127AFDC75DD,1,14:58.5,44:45.6,1.0,METABOLIC: ALK PHOS,58.6,U/L,1948-09-04 19:40:19.653,Female,02:51.0,White,Married,Unknown,14.74
8400F870-DF81-4C4F-9843-8127AFDC75DD,2,31:35.3,55:58.3,1.0,METABOLIC: ALK PHOS,58.6,U/L,1948-09-04 19:40:19.653,Female,02:51.0,White,Married,Unknown,14.74
8400F870-DF81-4C4F-9843-8127AFDC75DD,3,48:37.7,59:03.0,1.0,METABOLIC: ALK PHOS,58.6,U/L,1948-09-04 19:40:19.653,Female,02:51.0,White,Married,Unknown,14.74
8400F870-DF81-4C4F-9843-8127AFDC75DD,4,00:46.6,47:16.4,1.0,METABOLIC: ALK PHOS,58.6,U/L,1948-09-04 19:40:19.653,Female,02:51.0,White,Married,Unknown,14.74
