PatientID,AdmissionID_x,AdmissionStartDate,AdmissionEndDate,AdmissionID_y,LabName,LabValue,LabUnits,LabDateTime,PatientGender,PatientDateOfBirth,PatientRace,PatientMaritalStatus,PatientLanguage,PatientPopulationPercentageBelowPoverty
0DB21D5F-3887-4238-A413-A784706E6B6E,1,39:31.0,46:08.8,1.0,METABOLIC: GLUCOSE,113.2,mg/dL,1944-05-18 04:50:34.200,Male,20:12.9,Unknown,Married,English,19.15
0DB21D5F-3887-4238-A413-A784706E6B6E,2,52:18.4,41:03.3,1.0,METABOLIC: GLUCOSE,113.2,mg/dL,1944-05-18 04:50:34.200,Male,20:12.9,Unknown,Married,English,19.15
0DB21D5F-3887-4238-A413-A784706E6B6E,3,42:19.6,59:39.3,1.0,METABOLIC: GLUCOSE,113.2,mg/dL,1944-05-18 04:50:34.200,Male,20:12.9,Unknown,Married,English,19.15
0DB21D5F-3887-4238-A413-A784706E6B6E,4,50:12.1,42:49.3,1.0,METABOLIC: GLUCOSE,113.2,mg/dL,1944-05-18 04:50:34.200,Male,20:12.9,Unknown,Married,English,19.15
0DB21D5F-3887-4238-A413-A784706E6B6E,5,02:56.7,16:41.0,1.0,METABOLIC: GLUCOSE,113.2,mg/dL,1944-05-18 04:50:34.200,Male,20:12.9,Unknown,Married,English,19.15
0DB21D5F-3887-4238-A413-A784706E6B6E,6,51:14.2,33:13.0,1.0,METABOLIC: GLUCOSE,113.2,mg/dL,1944-05-18 04:50:34.200,Male,20:12.9,Unknown,Married,English,19.15
0DB21D5F-3887-4238-A413-A784706E6B6E,7,05:34.6,54:35.5,1.0,METABOLIC: GLUCOSE,113.2,mg/dL,1944-05-18 04:50:34.200,Male,20:12.9,Unknown,Married,English,19.15
