PatientID,AdmissionID_x,AdmissionStartDate,AdmissionEndDate,AdmissionID_y,LabName,LabValue,LabUnits,LabDateTime,PatientGender,PatientDateOfBirth,PatientRace,PatientMaritalStatus,PatientLanguage,PatientPopulationPercentageBelowPoverty
8696455B-8548-4C72-AC4D-9F2C5773D8B8,1,31:53.1,49:39.0,1.0,CBC: NEUTROPHILS,2.5,k/cumm,1968-02-01 09:35:47.520,Female,54:07.3,White,Married,English,11.05
8696455B-8548-4C72-AC4D-9F2C5773D8B8,2,01:03.6,26:42.1,1.0,CBC: NEUTROPHILS,2.5,k/cumm,1968-02-01 09:35:47.520,Female,54:07.3,White,Married,English,11.05
8696455B-8548-4C72-AC4D-9F2C5773D8B8,3,40:27.4,20:40.9,1.0,CBC: NEUTROPHILS,2.5,k/cumm,1968-02-01 09:35:47.520,Female,54:07.3,White,Married,English,11.05
8696455B-8548-4C72-AC4D-9F2C5773D8B8,4,44:42.1,26:46.2,1.0,CBC: NEUTROPHILS,2.5,k/cumm,1968-02-01 09:35:47.520,Female,54:07.3,White,Married,English,11.05
