PatientID,AdmissionID_x,AdmissionStartDate,AdmissionEndDate,AdmissionID_y,LabName,LabValue,LabUnits,LabDateTime,PatientGender,PatientDateOfBirth,PatientRace,PatientMaritalStatus,PatientLanguage,PatientPopulationPercentageBelowPoverty
8755B08C-4890-4600-B58A-A0613D7F0C98,1,34:08.5,49:40.5,1.0,CBC: MEAN CORPUSCULAR VOLUME,81.6,fl,1990-04-20 01:05:15.580,Female,19:52.8,White,Single,English,81.96
8755B08C-4890-4600-B58A-A0613D7F0C98,2,15:03.8,45:11.9,1.0,CBC: MEAN CORPUSCULAR VOLUME,81.6,fl,1990-04-20 01:05:15.580,Female,19:52.8,White,Single,English,81.96
8755B08C-4890-4600-B58A-A0613D7F0C98,3,25:58.9,56:04.0,1.0,CBC: MEAN CORPUSCULAR VOLUME,81.6,fl,1990-04-20 01:05:15.580,Female,19:52.8,White,Single,English,81.96
8755B08C-4890-4600-B58A-A0613D7F0C98,4,24:49.6,08:43.1,1.0,CBC: MEAN CORPUSCULAR VOLUME,81.6,fl,1990-04-20 01:05:15.580,Female,19:52.8,White,Single,English,81.96
