PatientID,AdmissionID_x,AdmissionStartDate,AdmissionEndDate,AdmissionID_y,LabName,LabValue,LabUnits,LabDateTime,PatientGender,PatientDateOfBirth,PatientRace,PatientMaritalStatus,PatientLanguage,PatientPopulationPercentageBelowPoverty
0DB2363E-229E-4FC9-B3E8-A8BFE3615C6A,1,42:11.5,13:27.6,1.0,URINALYSIS: PH,7.4,no unit,1941-07-23 12:16:39.013,Female,45:21.1,White,Divorced,English,11.31
0DB2363E-229E-4FC9-B3E8-A8BFE3615C6A,2,28:11.4,40:59.0,1.0,URINALYSIS: PH,7.4,no unit,1941-07-23 12:16:39.013,Female,45:21.1,White,Divorced,English,11.31
0DB2363E-229E-4FC9-B3E8-A8BFE3615C6A,3,45:09.1,59:12.0,1.0,URINALYSIS: PH,7.4,no unit,1941-07-23 12:16:39.013,Female,45:21.1,White,Divorced,English,11.31
0DB2363E-229E-4FC9-B3E8-A8BFE3615C6A,4,36:37.3,20:15.2,1.0,URINALYSIS: PH,7.4,no unit,1941-07-23 12:16:39.013,Female,45:21.1,White,Divorced,English,11.31
0DB2363E-229E-4FC9-B3E8-A8BFE3615C6A,5,14:52.6,50:33.6,1.0,URINALYSIS: PH,7.4,no unit,1941-07-23 12:16:39.013,Female,45:21.1,White,Divorced,English,11.31
0DB2363E-229E-4FC9-B3E8-A8BFE3615C6A,6,47:00.1,57:50.6,1.0,URINALYSIS: PH,7.4,no unit,1941-07-23 12:16:39.013,Female,45:21.1,White,Divorced,English,11.31
