PatientID,AdmissionID_x,AdmissionStartDate,AdmissionEndDate,AdmissionID_y,LabName,LabValue,LabUnits,LabDateTime,PatientGender,PatientDateOfBirth,PatientRace,PatientMaritalStatus,PatientLanguage,PatientPopulationPercentageBelowPoverty
88214AA4-6828-4C0A-9EF3-9B20343BCD42,1,47:17.1,25:37.8,1.0,METABOLIC: CHLORIDE,104.3,mmol/L,1983-06-09 09:07:18.783,Male,56:26.8,African American,Married,Unknown,16.16
88214AA4-6828-4C0A-9EF3-9B20343BCD42,2,18:52.6,31:10.5,1.0,METABOLIC: CHLORIDE,104.3,mmol/L,1983-06-09 09:07:18.783,Male,56:26.8,African American,Married,Unknown,16.16
88214AA4-6828-4C0A-9EF3-9B20343BCD42,3,06:27.9,56:43.8,1.0,METABOLIC: CHLORIDE,104.3,mmol/L,1983-06-09 09:07:18.783,Male,56:26.8,African American,Married,Unknown,16.16
88214AA4-6828-4C0A-9EF3-9B20343BCD42,4,12:47.8,31:40.5,1.0,METABOLIC: CHLORIDE,104.3,mmol/L,1983-06-09 09:07:18.783,Male,56:26.8,African American,Married,Unknown,16.16
88214AA4-6828-4C0A-9EF3-9B20343BCD42,5,04:31.9,15:46.8,1.0,METABOLIC: CHLORIDE,104.3,mmol/L,1983-06-09 09:07:18.783,Male,56:26.8,African American,Married,Unknown,16.16
88214AA4-6828-4C0A-9EF3-9B20343BCD42,6,29:29.8,20:08.6,1.0,METABOLIC: CHLORIDE,104.3,mmol/L,1983-06-09 09:07:18.783,Male,56:26.8,African American,Married,Unknown,16.16
