PatientID,AdmissionID_x,AdmissionStartDate,AdmissionEndDate,AdmissionID_y,LabName,LabValue,LabUnits,LabDateTime,PatientGender,PatientDateOfBirth,PatientRace,PatientMaritalStatus,PatientLanguage,PatientPopulationPercentageBelowPoverty
8930C680-CE06-41F5-9582-F356CF2BA498,1,59:46.9,43:15.9,1.0,METABOLIC: CARBON DIOXIDE,18.4,mmol/L,1946-07-28 22:54:54.213,Female,01:41.4,Unknown,Single,English,15.53
8930C680-CE06-41F5-9582-F356CF2BA498,2,13:51.4,31:55.2,1.0,METABOLIC: CARBON DIOXIDE,18.4,mmol/L,1946-07-28 22:54:54.213,Female,01:41.4,Unknown,Single,English,15.53
8930C680-CE06-41F5-9582-F356CF2BA498,3,25:48.9,32:03.6,1.0,METABOLIC: CARBON DIOXIDE,18.4,mmol/L,1946-07-28 22:54:54.213,Female,01:41.4,Unknown,Single,English,15.53
8930C680-CE06-41F5-9582-F356CF2BA498,4,50:38.3,11:45.1,1.0,METABOLIC: CARBON DIOXIDE,18.4,mmol/L,1946-07-28 22:54:54.213,Female,01:41.4,Unknown,Single,English,15.53
8930C680-CE06-41F5-9582-F356CF2BA498,5,14:20.3,20:39.2,1.0,METABOLIC: CARBON DIOXIDE,18.4,mmol/L,1946-07-28 22:54:54.213,Female,01:41.4,Unknown,Single,English,15.53
8930C680-CE06-41F5-9582-F356CF2BA498,6,00:12.6,05:50.0,1.0,METABOLIC: CARBON DIOXIDE,18.4,mmol/L,1946-07-28 22:54:54.213,Female,01:41.4,Unknown,Single,English,15.53
