PatientID,AdmissionID_x,AdmissionStartDate,AdmissionEndDate,AdmissionID_y,LabName,LabValue,LabUnits,LabDateTime,PatientGender,PatientDateOfBirth,PatientRace,PatientMaritalStatus,PatientLanguage,PatientPopulationPercentageBelowPoverty
89499F5E-C1F7-420A-A765-5C5F4BCC3A7B,1,30:08.9,21:30.5,1.0,CBC: MEAN CORPUSCULAR VOLUME,92.8,fl,1991-06-30 19:57:57.193,Male,53:10.8,African American,Single,English,12.82
89499F5E-C1F7-420A-A765-5C5F4BCC3A7B,2,02:14.6,51:59.0,1.0,CBC: MEAN CORPUSCULAR VOLUME,92.8,fl,1991-06-30 19:57:57.193,Male,53:10.8,African American,Single,English,12.82
89499F5E-C1F7-420A-A765-5C5F4BCC3A7B,3,43:16.0,28:54.1,1.0,CBC: MEAN CORPUSCULAR VOLUME,92.8,fl,1991-06-30 19:57:57.193,Male,53:10.8,African American,Single,English,12.82
89499F5E-C1F7-420A-A765-5C5F4BCC3A7B,4,45:29.1,33:23.8,1.0,CBC: MEAN CORPUSCULAR VOLUME,92.8,fl,1991-06-30 19:57:57.193,Male,53:10.8,African American,Single,English,12.82
89499F5E-C1F7-420A-A765-5C5F4BCC3A7B,5,17:14.6,03:50.5,1.0,CBC: MEAN CORPUSCULAR VOLUME,92.8,fl,1991-06-30 19:57:57.193,Male,53:10.8,African American,Single,English,12.82
