PatientID,AdmissionID_x,AdmissionStartDate,AdmissionEndDate,AdmissionID_y,LabName,LabValue,LabUnits,LabDateTime,PatientGender,PatientDateOfBirth,PatientRace,PatientMaritalStatus,PatientLanguage,PatientPopulationPercentageBelowPoverty
8A8015AA-26C2-4927-8CA9-16AD45578E80,1,41:57.4,38:49.8,1.0,METABOLIC: ALK PHOS,102.9,U/L,1969-09-15 16:09:48.387,Female,11:37.2,Unknown,Married,Unknown,15.58
8A8015AA-26C2-4927-8CA9-16AD45578E80,2,49:07.6,01:57.9,1.0,METABOLIC: ALK PHOS,102.9,U/L,1969-09-15 16:09:48.387,Female,11:37.2,Unknown,Married,Unknown,15.58
8A8015AA-26C2-4927-8CA9-16AD45578E80,3,26:38.2,43:44.2,1.0,METABOLIC: ALK PHOS,102.9,U/L,1969-09-15 16:09:48.387,Female,11:37.2,Unknown,Married,Unknown,15.58
8A8015AA-26C2-4927-8CA9-16AD45578E80,4,26:59.6,35:07.8,1.0,METABOLIC: ALK PHOS,102.9,U/L,1969-09-15 16:09:48.387,Female,11:37.2,Unknown,Married,Unknown,15.58
8A8015AA-26C2-4927-8CA9-16AD45578E80,5,11:16.3,29:03.2,1.0,METABOLIC: ALK PHOS,102.9,U/L,1969-09-15 16:09:48.387,Female,11:37.2,Unknown,Married,Unknown,15.58
