PatientID,AdmissionID_x,AdmissionStartDate,AdmissionEndDate,AdmissionID_y,LabName,LabValue,LabUnits,LabDateTime,PatientGender,PatientDateOfBirth,PatientRace,PatientMaritalStatus,PatientLanguage,PatientPopulationPercentageBelowPoverty
8AC42A01-9D40-4D9C-9A57-A03F3273B540,1,05:18.0,55:12.8,1.0,URINALYSIS: SPECIFIC GRAVITY,1.0,no unit,1968-01-08 01:23:11.210,Male,22:32.0,White,Married,Icelandic,16.19
8AC42A01-9D40-4D9C-9A57-A03F3273B540,2,00:33.4,02:18.8,1.0,URINALYSIS: SPECIFIC GRAVITY,1.0,no unit,1968-01-08 01:23:11.210,Male,22:32.0,White,Married,Icelandic,16.19
8AC42A01-9D40-4D9C-9A57-A03F3273B540,3,27:14.3,36:38.0,1.0,URINALYSIS: SPECIFIC GRAVITY,1.0,no unit,1968-01-08 01:23:11.210,Male,22:32.0,White,Married,Icelandic,16.19
8AC42A01-9D40-4D9C-9A57-A03F3273B540,4,57:27.0,14:47.8,1.0,URINALYSIS: SPECIFIC GRAVITY,1.0,no unit,1968-01-08 01:23:11.210,Male,22:32.0,White,Married,Icelandic,16.19
8AC42A01-9D40-4D9C-9A57-A03F3273B540,5,12:45.7,59:54.3,1.0,URINALYSIS: SPECIFIC GRAVITY,1.0,no unit,1968-01-08 01:23:11.210,Male,22:32.0,White,Married,Icelandic,16.19
8AC42A01-9D40-4D9C-9A57-A03F3273B540,6,01:09.2,46:54.1,1.0,URINALYSIS: SPECIFIC GRAVITY,1.0,no unit,1968-01-08 01:23:11.210,Male,22:32.0,White,Married,Icelandic,16.19
8AC42A01-9D40-4D9C-9A57-A03F3273B540,7,43:39.9,16:48.1,1.0,URINALYSIS: SPECIFIC GRAVITY,1.0,no unit,1968-01-08 01:23:11.210,Male,22:32.0,White,Married,Icelandic,16.19
