PatientID,AdmissionID_x,AdmissionStartDate,AdmissionEndDate,AdmissionID_y,LabName,LabValue,LabUnits,LabDateTime,PatientGender,PatientDateOfBirth,PatientRace,PatientMaritalStatus,PatientLanguage,PatientPopulationPercentageBelowPoverty
0E510DBE-D905-4FA0-B828-90FD18A1F858,1,03:45.0,06:11.8,1.0,CBC: ABSOLUTE LYMPHOCYTES,18.7,%,1950-06-14 05:37:19.457,Female,49:41.1,White,Single,English,6.93
0E510DBE-D905-4FA0-B828-90FD18A1F858,2,53:35.4,07:06.6,1.0,CBC: ABSOLUTE LYMPHOCYTES,18.7,%,1950-06-14 05:37:19.457,Female,49:41.1,White,Single,English,6.93
0E510DBE-D905-4FA0-B828-90FD18A1F858,3,24:52.6,52:53.2,1.0,CBC: ABSOLUTE LYMPHOCYTES,18.7,%,1950-06-14 05:37:19.457,Female,49:41.1,White,Single,English,6.93
0E510DBE-D905-4FA0-B828-90FD18A1F858,4,53:31.9,58:35.3,1.0,CBC: ABSOLUTE LYMPHOCYTES,18.7,%,1950-06-14 05:37:19.457,Female,49:41.1,White,Single,English,6.93
0E510DBE-D905-4FA0-B828-90FD18A1F858,5,19:14.2,24:19.0,1.0,CBC: ABSOLUTE LYMPHOCYTES,18.7,%,1950-06-14 05:37:19.457,Female,49:41.1,White,Single,English,6.93
