PatientID,AdmissionID_x,AdmissionStartDate,AdmissionEndDate,AdmissionID_y,LabName,LabValue,LabUnits,LabDateTime,PatientGender,PatientDateOfBirth,PatientRace,PatientMaritalStatus,PatientLanguage,PatientPopulationPercentageBelowPoverty
8C52AAE8-2D5C-4C06-B450-2E6D7DCB390D,1,41:40.6,43:30.3,1.0,METABOLIC: CARBON DIOXIDE,25.6,mmol/L,1975-08-22 21:15:14.283,Male,23:57.1,Asian,Married,English,12.25
8C52AAE8-2D5C-4C06-B450-2E6D7DCB390D,2,28:12.7,47:03.0,1.0,METABOLIC: CARBON DIOXIDE,25.6,mmol/L,1975-08-22 21:15:14.283,Male,23:57.1,Asian,Married,English,12.25
8C52AAE8-2D5C-4C06-B450-2E6D7DCB390D,3,09:16.3,57:36.1,1.0,METABOLIC: CARBON DIOXIDE,25.6,mmol/L,1975-08-22 21:15:14.283,Male,23:57.1,Asian,Married,English,12.25
8C52AAE8-2D5C-4C06-B450-2E6D7DCB390D,4,35:11.3,48:57.7,1.0,METABOLIC: CARBON DIOXIDE,25.6,mmol/L,1975-08-22 21:15:14.283,Male,23:57.1,Asian,Married,English,12.25
8C52AAE8-2D5C-4C06-B450-2E6D7DCB390D,5,50:01.4,35:45.9,1.0,METABOLIC: CARBON DIOXIDE,25.6,mmol/L,1975-08-22 21:15:14.283,Male,23:57.1,Asian,Married,English,12.25
